entry_model,confirm_bars,rr_target,variant,n_on,signals_per_year,avg_on,avg_off,uplift,wr_on,wr_off,years_pos,years_total,years_pos_ratio,train_uplift,test2025_uplift,n_test_on
E0,1,3.0,same_short_fast15,177,29.5,0.3290389830508475,0.028654617676266134,0.30038436537458135,0.3615819209039548,0.282025819265144,3,5,0.6,0.16921000000000005,0.7567002777777778,36
E0,1,2.0,same_short_fast15,184,30.666666666666668,0.3272342391304348,0.05894796978281398,0.26828626934762084,0.483695652173913,0.3862134088762984,4,5,0.8,0.2507752915513046,0.3004525567473185,38
E0,1,3.0,same_short_only,200,33.333333333333336,0.3225285,0.022956707317073173,0.29957179268292683,0.36,0.2804878048780488,4,5,0.8,0.15270153468586392,0.844944110373552,39
E0,1,3.0,same_fast15,340,56.666666666666664,0.31906,-0.025338033175355452,0.34439803317535544,0.3588235294117647,0.2677725118483412,4,5,0.8,0.3915664293713006,0.19373252801120447,68
E0,2,2.0,same_fast15_size60,79,13.166666666666666,0.3189392405063291,0.10201244343891402,0.21692679706741508,0.46835443037974683,0.40497737556561086,0,1,0.0,0.17366980455441994,,11
E0,1,2.5,same_short_fast15,182,30.333333333333332,0.31890494505494515,0.047111810261374634,0.27179313479357053,0.41208791208791207,0.3281703775411423,4,5,0.8,0.17126119360091965,0.5959629417747268,38
E0,1,2.0,same_short_only,209,34.833333333333336,0.31280430622009564,0.05537804642166345,0.2574262597984322,0.4784688995215311,0.3849129593810445,3,5,0.6,0.22559763173652697,0.3521046435272045,41
E0,2,2.5,same_fast15_size60,75,12.5,0.3114186666666667,0.059714651162790684,0.251704015503876,0.4,0.33488372093023255,0,1,0.0,0.1841108281781998,,11
E0,1,3.0,same_long_fast15,163,27.166666666666668,0.3082239263803681,0.03609657198824681,0.2721273543921213,0.3558282208588957,0.2840352595494613,4,5,0.8,0.4969029657477026,-0.4955639705882353,32
E0,1,2.5,same_short_only,206,34.333333333333336,0.3052728155339806,0.04343012884043607,0.26184268669354455,0.4077669902912621,0.3270564915758176,4,5,0.8,0.1475342617428732,0.6601074844571975,41
E0,2,3.0,same_fast15_size60,72,12.0,0.2979055555555556,0.03146554216867471,0.2664400133868809,0.3472222222222222,0.28433734939759037,1,1,1.0,0.20295159082784336,,10
E0,1,3.0,same_fast30,375,62.5,0.28434746666666666,-0.024147342398022246,0.3084948090646889,0.34933333333333333,0.26823238566131025,4,5,0.8,0.36532179138321996,0.11763839337474116,75
E0,2,1.0,same_fast15_size60,79,13.166666666666666,0.2829392405063292,0.03937986725663717,0.243559373249692,0.6835443037974683,0.5730088495575221,1,1,1.0,0.21388885969521806,,11
E0,1,2.0,same_fast15_size60,165,27.5,0.27913818181818184,0.07103821892393321,0.20809996289424865,0.45454545454545453,0.39239332096474955,3,5,0.6,0.25890756657831626,,27
E0,1,3.0,same_dir,386,64.33333333333333,0.27670673575129534,-0.024703884711779443,0.30141062046307476,0.3471502590673575,0.2681704260651629,4,5,0.8,0.33540375737313943,0.20180363518338196,78
E0,1,4.0,same_short_fast15,166,27.666666666666668,0.27267590361445787,-0.1291094319399786,0.40178533555443646,0.27710843373493976,0.19185423365487675,4,5,0.8,0.17408448647431568,1.1069951461988303,36
E0,1,2.5,same_fast15,349,58.166666666666664,0.26933008595988545,0.01467782909930716,0.2546522568605783,0.3954154727793696,0.3187066974595843,4,5,0.8,0.3034488337842555,0.08924793589120929,71
E0,2,2.0,same_short_only,110,18.333333333333332,0.26095727272727276,0.10116885644768858,0.15978841627958418,0.4636363636363636,0.40145985401459855,2,3,0.6666666666666666,0.1343138995190113,,17
E0,1,2.0,same_fast15,356,59.333333333333336,0.2540412921348315,0.03630022547914318,0.21774106665568832,0.4550561797752809,0.3788049605411499,3,5,0.6,0.2780640386964739,-0.005534443741098245,71
E0,1,4.0,same_short_only,187,31.166666666666668,0.252127807486631,-0.13414780701754386,0.38627561450417486,0.2727272727272727,0.19078947368421054,4,5,0.8,0.13316966854827036,1.2330338269573564,39
E0,1,2.5,same_fast30,386,64.33333333333333,0.24752487046632124,0.013465138721351022,0.23405973174497022,0.38860103626943004,0.31845597104945716,4,5,0.8,0.27224398671096345,0.10778991917035231,79
E0,2,3.0,same_long_fast15,77,12.833333333333334,0.2428467532467533,0.038556585365853664,0.20429016788089965,0.33766233766233766,0.28536585365853656,1,1,1.0,0.47951533631332477,,17
E0,1,2.5,same_dir,398,66.33333333333333,0.24262261306532668,0.01241542227662178,0.23020719078870489,0.3869346733668342,0.3182374541003672,4,5,0.8,0.251371240616758,0.169671068382463,82
E0,1,2.0,same_fast30,395,65.83333333333333,0.24162734177215187,0.03206863207547171,0.20955870969668017,0.4506329113924051,0.37735849056603776,3,5,0.6,0.2692731150588721,-0.011288540580789264,79
E0,1,2.0,same_dir,407,67.83333333333333,0.2324380835380835,0.03353433014354069,0.19890375339454283,0.44717444717444715,0.37799043062200954,4,5,0.8,0.24446549069201767,0.03361992843581134,82
E0,1,3.0,same_long_only,186,31.0,0.22743602150537634,0.04488176352705409,0.18255425797832225,0.3333333333333333,0.2865731462925852,4,5,0.8,0.399277293685386,-0.521238786932188,39
E0,2,2.5,same_short_only,106,17.666666666666668,0.2233028301886793,0.06356791979949875,0.15973491038918056,0.3867924528301887,0.3333333333333333,1,2,0.5,0.059228623310494666,,17
E0,2,2.0,same_short_fast15,100,16.666666666666668,0.220058,0.11467909738717341,0.10537890261282659,0.45,0.40617577197149646,1,2,0.5,0.09417968489622783,,16
E0,2,3.0,same_short_only,102,17.0,0.21881960784313725,0.03165662337662338,0.18716298446651386,0.3333333333333333,0.2831168831168831,1,2,0.5,0.02962675182334691,,17
E0,2,1.5,same_fast15_size60,79,13.166666666666666,0.21783291139240507,0.06508886414253899,0.15274404724986607,0.5189873417721519,0.46993318485523383,1,1,1.0,0.12070762861169838,,11
E0,1,2.5,same_long_fast15,167,27.833333333333332,0.21530239520958083,0.06751116412213741,0.1477912310874434,0.3772455089820359,0.3349236641221374,4,5,0.8,0.34124577723378213,-0.5124750571755289,33
E0,1,1.5,same_short_fast15,187,31.166666666666668,0.21170481283422463,0.05303420074349443,0.1586706120907302,0.5294117647058824,0.46096654275092935,4,5,0.8,0.16545344540693974,0.1039918783542039,39
E0,2,2.5,same_long_fast15,80,13.333333333333334,0.21019125,0.075808,0.13438325,0.375,0.3388235294117647,0,1,0.0,0.32334076903617504,,19
E0,2,2.5,same_dir,199,33.166666666666664,0.20319447236180904,0.028098039215686283,0.17509643314612275,0.3768844221105528,0.3235294117647059,4,5,0.8,0.2100082035362397,0.06853666666666663,40
E0,2,3.0,same_fast30,186,31.0,0.20314784946236558,-0.010890697674418618,0.2140385471367842,0.3279569892473118,0.2724252491694352,3,5,0.6,0.29151035171515416,-0.07705346246973363,35
E0,2,2.5,same_fast30,194,32.333333333333336,0.20053092783505155,0.03257459807073956,0.167956329764312,0.37628865979381443,0.3247588424437299,4,5,0.8,0.21355158220965637,0.0095974533106961,38
E0,2,3.0,same_fast15,171,28.5,0.20016140350877196,0.0008854430379746886,0.19927596047079726,0.32748538011695905,0.27531645569620256,4,5,0.8,0.25617637818969663,0.005171485345255869,33
E0,1,3.0,same_fast15_size60,153,25.5,0.19900522875816995,0.05494403491755576,0.1440611938406142,0.3202614379084967,0.29000969932104753,3,5,0.6,0.20718121370967746,,25
E0,2,3.0,same_dir,190,31.666666666666668,0.19763578947368418,-0.010247138047138029,0.2078829275208222,0.3263157894736842,0.2727272727272727,4,5,0.8,0.2655507589941527,0.011994879089615954,37
E0,2,2.0,same_fast30,200,33.333333333333336,0.1923315,0.09912585669781931,0.09320564330218067,0.435,0.40186915887850466,3,5,0.6,0.18439075788442197,-0.2580904048582996,38
E0,2,2.0,same_dir,205,34.166666666666664,0.19056536585365852,0.09879683544303798,0.09176853041062054,0.43414634146341463,0.40189873417721517,3,5,0.6,0.17545026639344263,-0.2169936904761905,40
E0,2,2.5,same_fast15,177,29.5,0.1881638418079096,0.047953353658536584,0.140210488149373,0.3728813559322034,0.32926829268292684,3,5,0.6,0.1839711503623188,-0.004876043956043984,35
E0,1,1.5,same_short_only,212,35.333333333333336,0.1873882075471698,0.054164890580399624,0.1332233169667702,0.5188679245283019,0.461465271170314,3,5,0.6,0.12375315751887368,0.14115801886792453,42
E0,1,2.5,same_fast15_size60,158,26.333333333333332,0.1830791139240506,0.07358628192999055,0.10949283199406006,0.36075949367088606,0.33774834437086093,3,5,0.6,0.15589552075221372,,27
E0,1,1.5,same_fast15_size60,167,27.833333333333332,0.18098742514970062,0.06061012773722627,0.12037729741247435,0.5029940119760479,0.46624087591240876,3,5,0.6,0.13968671342226294,,28
E0,2,2.5,same_long_only,93,15.5,0.18027526881720432,0.07832063106796118,0.10195463774924314,0.3655913978494624,0.33980582524271846,0,2,0.0,0.2795839317935764,,23
E0,2,1.0,same_short_fast15,102,17.0,0.17899411764705883,0.05103613053613053,0.12795798711092832,0.6470588235294118,0.5757575757575758,2,2,1.0,0.10097492218112568,,17
E0,1,2.0,same_long_fast15,172,28.666666666666668,0.1757418604651163,0.08628328664799254,0.08945857381712377,0.42441860465116277,0.3968253968253968,3,5,0.6,0.21069792376625013,-0.34777958754208754,33
E0,1,2.5,same_long_only,192,32.0,0.17540416666666667,0.07138768328445746,0.1040164833822092,0.3645833333333333,0.3362658846529814,3,5,0.6,0.26232345719178085,-0.38896646341463414,41
E0,2,2.0,same_fast15,182,30.333333333333332,0.1739368131868132,0.11395044247787611,0.05998637070893709,0.42857142857142855,0.40707964601769914,3,5,0.6,0.14325553166326205,-0.25854462184873955,35
E0,2,1.0,same_short_only,112,18.666666666666668,0.17312946428571432,0.04954988066825775,0.12357958361745658,0.6428571428571429,0.5751789976133651,2,3,0.6666666666666666,0.08486127717391306,,18
E0,2,3.0,same_long_only,88,14.666666666666666,0.1730818181818182,0.04831127819548872,0.12477053998632948,0.3181818181818182,0.2882205513784461,1,2,0.5,0.4067835922516302,,20
E0,1,1.0,same_short_fast15,188,31.333333333333332,0.1722526595744681,0.03895896487985212,0.13329369469461597,0.6382978723404256,0.5693160813308688,4,5,0.8,0.14459313842482102,0.0843088319088319,39
E0,1,1.0,same_fast15_size60,167,27.833333333333332,0.17077005988023952,0.04172121486854035,0.12904884501169916,0.6227544910179641,0.5729827742520399,4,5,0.8,0.12586979363744655,,28
E0,2,2.5,same_short_fast15,97,16.166666666666668,0.16999690721649482,0.07976470588235293,0.09023220133414189,0.3711340206185567,0.3382352941176471,1,2,0.5,0.0043601567209162195,,16
E0,2,3.0,same_short_fast15,94,15.666666666666666,0.16519574468085105,0.04829262086513995,0.11690312381571111,0.3191489361702128,0.2875318066157761,1,2,0.5,-0.021405177158582755,,16
E0,1,1.5,same_fast15,360,60.0,0.1624366666666667,0.042277297895902545,0.12015936877076416,0.5055555555555555,0.4573643410852713,3,5,0.6,0.16540505094762584,-0.03184494815711798,73
E0,2,1.0,same_fast15,184,30.666666666666668,0.1544744565217391,0.03380000000000001,0.1206744565217391,0.6304347826086957,0.5677233429394812,3,5,0.6,0.1553843190266982,-0.09167222222222222,36
E0,1,1.5,same_fast30,399,66.5,0.15257443609022556,0.041407870370370366,0.1111665657198552,0.5012531328320802,0.45717592592592593,3,5,0.6,0.14929057589864186,-0.015173817169770926,81
E3,1,2.5,same_short_fast15,222,37.0,0.15165990990990996,-0.10925363941769317,0.26091354932760313,0.36036036036036034,0.2788353863381859,5,5,1.0,0.21792113701682436,0.45757097268673363,39
E0,1,1.0,same_short_only,214,35.666666666666664,0.1504654205607477,0.040092329545454546,0.11037309101529313,0.6261682242990654,0.5700757575757576,4,5,0.8,0.1137996749542568,0.09372505030181086,42
E0,1,2.0,same_long_only,198,33.0,0.1476070707070707,0.08938832535885169,0.058218745348219,0.41414141414141414,0.3980861244019139,2,5,0.4,0.16486035336319957,-0.2981187969043152,41
E0,1,1.5,same_dir,411,68.5,0.14720851581508518,0.0424306338028169,0.10477788201226829,0.49878345498783455,0.45774647887323944,4,5,0.8,0.13389061932677757,0.013150406162464982,84
E0,2,1.5,same_short_only,111,18.5,0.14555765765765766,0.0726062350119904,0.07295142264566726,0.5045045045045045,0.47002398081534774,2,3,0.6666666666666666,0.033029470529470556,,18
E0,2,1.0,same_fast30,203,33.833333333333336,0.14548866995073892,0.03237103658536585,0.11311763336537306,0.625615763546798,0.5670731707317073,4,5,0.8,0.15624134536505335,-0.13607214452214456,39
E3,1,2.5,same_short_only,243,40.5,0.1450971193415638,-0.11370825688073395,0.25880537622229777,0.35802469135802467,0.2775229357798165,4,5,0.8,0.19505961303830457,0.5456034464614575,42
E3,1,2.0,same_short_fast15,224,37.333333333333336,0.13629419642857146,-0.09208744541484713,0.22838164184341858,0.41517857142857145,0.3307860262008734,5,5,1.0,0.2374733066454412,0.22779207583196948,39
E0,2,1.0,same_dir,208,34.666666666666664,0.1359,0.03679473684210526,0.09910526315789472,0.6201923076923077,0.5696594427244582,3,5,0.6,0.14051229629629633,-0.1373103277439025,41
E3,1,2.0,same_short_only,246,41.0,0.13550040650406506,-0.09748914988814317,0.23298955639220822,0.4146341463414634,0.3288590604026846,4,5,0.8,0.2260116923076923,0.30016333333333334,42
E0,1,1.0,same_fast15,362,60.333333333333336,0.12875939226519337,0.03075572687224669,0.09800366539294668,0.6132596685082873,0.566079295154185,4,5,0.8,0.1290623075838169,-0.0005555697726930958,73
E0,2,1.5,same_fast30,201,33.5,0.12588805970149253,0.06461834862385321,0.061269711077639316,0.4925373134328358,0.46788990825688076,4,5,0.8,0.12676882505475695,-0.18773692307692305,39
E0,2,1.0,same_long_fast15,82,13.666666666666666,0.12397439024390243,0.06678396436525612,0.05719042587864631,0.6097560975609756,0.5857461024498887,1,1,1.0,0.15245484848484844,,19
E0,2,4.0,same_short_only,94,15.666666666666666,0.12132446808510641,-0.20355609065155808,0.3248805587366645,0.24468085106382978,0.17563739376770537,1,2,0.5,0.1576428351920694,,17
E0,2,1.5,same_dir,206,34.333333333333336,0.1212126213592233,0.0666580745341615,0.05455454682506179,0.49029126213592233,0.468944099378882,4,5,0.8,0.11454389999999999,-0.16140414246999613,41
E0,2,1.5,same_short_fast15,101,16.833333333333332,0.12119405940594058,0.08007751756440282,0.04111654184153776,0.49504950495049505,0.47306791569086654,1,2,0.5,0.01575914634146347,,17
E1,2,2.0,same_short_only,270,45.0,0.11941555555555557,-0.05041404494382021,0.1698296004993758,0.4,0.3404494382022472,3,5,0.6,0.10825279990020287,0.5528154831488621,43
E0,1,1.0,same_fast30,403,67.16666666666667,0.11890397022332506,0.030702191464821227,0.08820177875850384,0.607940446650124,0.566320645905421,4,5,0.8,0.11378975279729382,0.010451532567049782,81
E0,2,2.0,same_long_fast15,82,13.666666666666666,0.11769146341463417,0.13812072892938496,-0.020429265514750786,0.4024390243902439,0.4168564920273349,0,1,0.0,0.13774023255813955,,19
E0,1,1.0,same_dir,415,69.16666666666667,0.11351301204819278,0.03208093567251462,0.08143207637567816,0.6048192771084338,0.5672514619883041,4,5,0.8,0.10272671664615274,0.020051524644945695,84
E1,2,2.0,same_short_fast15,247,41.166666666666664,0.11143157894736842,-0.043975794085432646,0.15540737303280105,0.3967611336032389,0.3428258488499452,3,5,0.6,0.11731756020993772,0.4224313157894737,40
E0,2,1.5,same_fast15,183,30.5,0.11065136612021863,0.07589710144927536,0.034754264670943266,0.48633879781420764,0.47246376811594204,4,5,0.8,0.09238122766449439,-0.17621323529411767,36
E0,1,1.5,same_long_fast15,173,28.833333333333332,0.10918150289017339,0.07134422018348621,0.03783728270668718,0.4797687861271676,0.46972477064220186,3,5,0.6,0.10800682632288268,-0.1728260962566845,34
E0,2,2.0,same_long_only,95,15.833333333333334,0.10905894736842107,0.1406692488262911,-0.03161030145787001,0.4,0.41784037558685444,0,2,0.0,0.13082048886004755,,23
E0,1,1.5,same_long_only,199,33.166666666666664,0.10440402010050252,0.07131315789473683,0.033090862205765695,0.47738693467336685,0.4699248120300752,2,5,0.4,0.09046633288119361,-0.12006774483378259,42
E0,2,4.0,same_fast15_size60,64,10.666666666666666,0.09866406249999998,-0.1743219321148825,0.2729859946148825,0.234375,0.18276762402088773,0,1,0.0,0.15127104973092134,,10
E0,2,1.5,same_long_fast15,82,13.666666666666666,0.09766585365853656,0.08615493273542602,0.01151092092311054,0.47560975609756095,0.47757847533632286,1,1,1.0,0.14722866666666662,,19
E0,1,4.0,same_fast15,307,51.166666666666664,0.0943915309446254,-0.13153169191919192,0.22592322286381733,0.23778501628664495,0.1919191919191919,4,5,0.8,0.2097726829268292,0.29445264214046823,65
E0,2,1.5,same_long_only,95,15.833333333333334,0.09276736842105263,0.08688406466512703,0.005883303755925592,0.47368421052631576,0.4780600461893764,1,2,0.5,0.15397779336138379,,23
E0,2,1.0,same_long_only,96,16.0,0.092465625,0.07189701149425287,0.020568613505747124,0.59375,0.5885057471264368,1,2,0.5,0.13335137844611528,,23
E0,2,4.0,same_short_fast15,88,14.666666666666666,0.091525,-0.1908217270194986,0.2823467270194986,0.23863636363636365,0.17827298050139276,0,0,,0.15811263816475496,,16
E0,1,1.0,same_long_fast15,174,29.0,0.08176666666666664,0.05502709854014599,0.026739568126520653,0.5862068965517241,0.5784671532846716,3,5,0.6,0.06735216873379582,-0.09550158371040725,34
E1,2,2.0,same_fast15,474,79.0,0.08146075949367089,-0.07469198250728863,0.15615274200095952,0.3860759493670886,0.3323615160349854,4,5,0.8,0.19067377873563218,0.1502551666666667,80
E3,1,3.0,same_short_only,235,39.166666666666664,0.0788136170212766,-0.15347635294117648,0.23228996996245307,0.2936170212765957,0.23176470588235293,3,5,0.6,0.15808166426999498,0.5730760344827586,40
E1,2,2.0,same_fast30,509,84.83333333333333,0.07824282907662083,-0.08057127496159755,0.15881410403821838,0.3850687622789784,0.3302611367127496,4,5,0.8,0.18975805196336623,0.16901404227955955,87
E3,1,3.0,same_short_fast15,215,35.833333333333336,0.07629999999999999,-0.1475151724137931,0.22381517241379312,0.2930232558139535,0.23333333333333334,3,5,0.6,0.1752210773311569,0.4477210261108566,37
E0,1,1.0,same_long_only,201,33.5,0.07417064676616916,0.055779981290926095,0.018390665475243068,0.582089552238806,0.5790458372310571,2,5,0.4,0.048442563692143524,-0.06152964453386987,42
E1,5,1.5,same_short_fast15,257,42.833333333333336,0.0730101167315175,-0.0427129854368932,0.1157231021684107,0.45525291828793774,0.4077669902912621,3,5,0.6,0.07012696142823022,0.4350556933797909,41
E1,1,1.0,same_fast15_size60,196,32.666666666666664,0.0721454081632653,-0.08976396648044692,0.16190937464371222,0.5663265306122449,0.49441340782122906,4,5,0.8,0.19032155399736306,,29
E1,2,1.5,same_short_fast15,251,41.833333333333336,0.06993266932270914,-0.056177320675105474,0.12610998999781461,0.4581673306772908,0.4061181434599156,3,5,0.6,0.10879524223187435,0.2792607142857143,42
E1,2,2.0,same_dir,521,86.83333333333333,0.06966276391554703,-0.07655805946791862,0.14622082338346565,0.381957773512476,0.3317683881064163,4,5,0.8,0.1622560849229865,0.21624746031746028,90
E1,2,1.5,same_short_only,275,45.833333333333336,0.06901018181818182,-0.059178354978354976,0.1281885367965368,0.4581818181818182,0.40476190476190477,3,5,0.6,0.09031791754558956,0.3772450316637881,45
E1,1,2.0,same_short_fast15,218,36.333333333333336,0.06674862385321101,-0.07765259481037923,0.14440121866359024,0.3853211009174312,0.3323353293413174,3,5,0.6,0.08055341606047639,0.4451579092793,43
E1,1,2.5,same_short_fast15,212,35.333333333333336,0.06621273584905661,-0.10860805785123967,0.1748207937002963,0.330188679245283,0.27582644628099173,3,5,0.6,0.08875076859160783,0.5331496703296703,42
E1,3,2.0,same_short_only,275,45.833333333333336,0.06427927272727273,-0.07659385749385747,0.14087313022113018,0.3781818181818182,0.33046683046683045,3,5,0.6,0.03836638853503183,0.655755652173913,46
E1,1,3.0,same_short_fast15,206,34.333333333333336,0.06280485436893204,-0.16886202804746495,0.231666882416397,0.28640776699029125,0.22545846817691478,4,5,0.8,0.13148147976918204,0.6291515476190476,40
E1,1,1.0,same_short_fast15,225,37.5,0.06175377777777778,-0.09201971291866029,0.1537734906964381,0.5733333333333334,0.4909090909090909,4,5,0.8,0.17967033025357382,0.07094090909090908,44
E3,1,2.5,same_fast15,426,71.0,0.06144201877934273,-0.13072467343976776,0.19216669221911048,0.33098591549295775,0.2728592162554427,4,5,0.8,0.2288288536607004,0.12847625994694958,78
E1,5,1.5,same_short_only,280,46.666666666666664,0.06015714285714285,-0.04154294631710361,0.10170008917424646,0.45,0.40823970037453183,3,5,0.6,0.03328952276312823,0.5290671247357293,44
E3,1,2.0,same_fast15_size60,197,32.833333333333336,0.05767157360406093,-0.06912354188759277,0.1267951154916537,0.3756345177664975,0.34146341463414637,3,5,0.6,0.1312468824124604,,26
E1,1,2.0,same_short_only,244,40.666666666666664,0.055702459016393445,-0.07873780737704918,0.13444026639344261,0.38114754098360654,0.3319672131147541,4,5,0.8,0.05528977799596356,0.5020392396766441,46
E1,3,2.0,same_short_fast15,251,41.833333333333336,0.05470438247011952,-0.06969140811455847,0.12439579058467799,0.3745019920318725,0.3329355608591885,3,5,0.6,0.04451060606060605,0.529701115741363,43
E1,1,2.5,same_short_only,236,39.333333333333336,0.05389957627118643,-0.10997436440677966,0.1638739406779661,0.326271186440678,0.2754237288135593,3,5,0.6,0.057846002436693404,0.6115557986111111,45
E3,1,2.5,same_fast30,460,76.66666666666667,0.05296652173913042,-0.13474748091603053,0.18771400265516094,0.3282608695652174,0.2717557251908397,4,5,0.8,0.21212066598083276,0.17127334068918693,86
E1,1,1.5,same_short_fast15,224,37.333333333333336,0.052735267857142845,-0.07768152492668622,0.13041679278382906,0.45535714285714285,0.39882697947214074,4,5,0.8,0.14049708335112213,0.14345898622713926,43
E3,1,2.5,same_dir,470,78.33333333333333,0.051472127659574464,-0.1365688372093023,0.18804096486887675,0.3276595744680851,0.2713178294573643,4,5,0.8,0.1945973533087681,0.24326508468891492,89
E0,1,4.0,same_fast30,337,56.166666666666664,0.05090593471810089,-0.12119448818897638,0.17210042290707728,0.228486646884273,0.1942257217847769,4,5,0.8,0.15752798336798338,0.22844168470418474,72
E1,2,1.0,same_short_fast15,258,43.0,0.04946434108527131,-0.07991505154639175,0.12937939263166306,0.562015503875969,0.4948453608247423,4,5,0.8,0.15143808581697893,0.092048397547148,43
E3,1,1.5,same_short_fast15,226,37.666666666666664,0.04909203539823009,-0.11196038751345533,0.16105242291168542,0.46017699115044247,0.38858988159311086,4,5,0.8,0.18066571092329092,0.09955052631578946,40
E1,2,2.0,same_long_fast15,227,37.833333333333336,0.04884933920704844,-0.025418113612004283,0.07426745281905273,0.3744493392070485,0.34941050375133975,2,5,0.4,0.16367236349780911,-0.18518631578947367,40
E1,1,1.5,same_fast15_size60,194,32.333333333333336,0.048596391752577316,-0.07320341880341881,0.12179981055599612,0.44329896907216493,0.402659069325736,3,5,0.6,0.15877797024768037,,28
E3,1,1.0,same_short_fast15,227,37.833333333333336,0.048352422907488986,-0.12579208556149732,0.1741445084689863,0.5726872246696035,0.47914438502673795,5,5,1.0,0.17872473074394035,0.10419807591623036,40
E1,2,1.5,same_fast15,493,82.16666666666667,0.047890872210953346,-0.08401303116147309,0.13190390337242644,0.4482758620689655,0.3951841359773371,4,5,0.8,0.1617724783039689,0.10740230858919553,83
E1,1,1.5,same_short_only,250,41.666666666666664,0.045022799999999995,-0.07914864593781344,0.12417144593781343,0.452,0.3981945837512538,4,5,0.8,0.12088957782101167,0.18723240522595846,46
E1,2,1.5,same_fast30,530,88.33333333333333,0.044556226415094345,-0.08866636771300448,0.13322259412809884,0.44716981132075473,0.3931240657698057,4,5,0.8,0.15785904624970043,0.13163082155939304,91
E1,1,2.5,same_fast15,404,67.33333333333333,0.04362103960396038,-0.14010103092783505,0.18372207053179543,0.3217821782178218,0.2667525773195876,4,5,0.8,0.236788355377254,0.07442659902597404,77
E1,1,3.0,same_short_only,228,38.0,0.04166096491228068,-0.1691668508287293,0.21082781574100998,0.2807017543859649,0.225414364640884,4,5,0.8,0.08250628905573656,0.7325541635408852,43
E1,3,1.5,same_short_fast15,261,43.5,0.039947892720306515,-0.04620346368715084,0.08615135640745736,0.4444444444444444,0.40893854748603353,3,5,0.6,0.0573488609920392,0.2824990294840295,44
E3,1,1.5,same_short_only,248,41.333333333333336,0.039371774193548384,-0.1132090407938258,0.1525808149873742,0.45564516129032256,0.3880926130099228,4,5,0.8,0.15621066737739872,0.15397837333664963,43
E1,4,1.0,same_short_fast15,278,46.333333333333336,0.039228776978417264,-0.05758593925759282,0.09681471623601008,0.5539568345323741,0.5028121484814398,3,5,0.6,0.0923800569416925,0.2145379679144385,44
E1,2,1.0,same_short_only,282,47.0,0.03902517730496454,-0.08008551797040168,0.11911069527536622,0.5567375886524822,0.49471458773784355,5,5,1.0,0.12307718374928558,0.16135610452349583,46
E1,5,2.0,same_short_fast15,245,40.833333333333336,0.039019591836734716,-0.10252906208718628,0.141548653923921,0.3673469387755102,0.31968295904887717,4,5,0.8,0.08091253764304358,0.5056601223865375,37
E3,1,3.0,same_fast15,414,69.0,0.038626570048309196,-0.19064843517138602,0.2292750052196952,0.2826086956521739,0.22205663189269748,4,5,0.8,0.2703923951048951,0.1620252278177458,75
E1,5,2.0,same_short_only,267,44.5,0.03733408239700375,-0.10615360544217686,0.14348768783918062,0.36704119850187267,0.3183673469387755,3,5,0.6,0.05425147143727117,0.6499296794871795,40
E1,1,1.0,same_short_only,252,42.0,0.03649126984126985,-0.08984459724950886,0.1263358670907787,0.5595238095238095,0.49214145383104124,4,5,0.8,0.13852036125106948,0.09257269844517182,47
E1,1,2.0,same_fast15,419,69.83333333333333,0.035740334128878275,-0.09766779026217227,0.13340812439105054,0.3723150357995227,0.3258426966292135,4,5,0.8,0.18302575757575756,0.023326506024096375,79
E3,1,2.0,same_fast15,436,72.66666666666667,0.035105733944954136,-0.09819360795454544,0.13329934189949957,0.3761467889908257,0.32954545454545453,3,5,0.6,0.19371345900524783,-0.041291120289106836,78
E1,2,1.5,same_dir,542,90.33333333333333,0.034450369003690036,-0.08276270928462709,0.11721307828831712,0.44280442804428044,0.395738203957382,4,5,0.8,0.129796257800079,0.16326920803782508,94
E0,1,4.0,same_dir,347,57.833333333333336,0.034184149855907786,-0.11576702127659574,0.14995117113250353,0.22478386167146974,0.19547872340425532,3,5,0.6,0.1151173686362707,0.2795093883357041,74
E1,2,2.0,same_fast15_size60,209,34.833333333333336,0.034132535885167445,-0.020778128286014712,0.05491066417118216,0.36363636363636365,0.352260778128286,3,5,0.6,0.08762483794295592,,27
E1,3,1.5,same_short_only,285,47.5,0.03408666666666668,-0.04665947187141216,0.08074613853807884,0.4421052631578947,0.4087256027554535,3,5,0.6,0.029729502510444223,0.3792640752864157,47
E1,3,2.0,same_fast15,487,81.16666666666667,0.03386036960985626,-0.10159568106312293,0.1354560506729792,0.3675564681724846,0.3222591362126246,4,5,0.8,0.13978468337089575,0.2170019117647059,80
E3,1,2.0,same_fast30,471,78.5,0.03385881104033971,-0.10428953662182362,0.13814834766216333,0.37579617834394907,0.3273542600896861,3,5,0.6,0.19509678754863816,-0.01914106877783274,86
E3,1,1.0,same_short_only,250,41.666666666666664,0.0333792,-0.12607938596491228,0.15945858596491227,0.564,0.4791666666666667,5,5,1.0,0.15409242164124196,0.13206340920336468,43
E1,1,2.5,same_fast30,440,73.33333333333333,0.03205863636363637,-0.1421639189189189,0.17422255528255529,0.3181818181818182,0.2662162162162162,4,5,0.8,0.22323521684244407,0.07553989262371617,84
E1,4,1.0,same_short_only,302,50.333333333333336,0.031140066225165568,-0.05744809248554915,0.08858815871071471,0.5496688741721855,0.5028901734104047,3,5,0.6,0.06728213333333334,0.2816104070305273,47
E1,2,1.5,same_fast15_size60,221,36.833333333333336,0.03093076923076924,-0.04349560327198363,0.07442637250275287,0.4343891402714932,0.4130879345603272,2,5,0.4,0.10237807140729394,,27
E3,1,2.5,same_fast15_size60,188,31.333333333333332,0.030236170212765957,-0.07505868392664508,0.10529485413941103,0.31382978723404253,0.2912621359223301,4,5,0.8,0.10662838138647443,,26
E3,1,2.0,same_dir,481,80.16666666666667,0.029877546777546792,-0.10347996965098634,0.13335751642853313,0.37422037422037424,0.3277693474962064,4,5,0.8,0.1757443368753679,0.03636661781468814,89
E1,1,2.0,same_fast30,458,76.33333333333333,0.026494978165938876,-0.09893884514435695,0.12543382331029584,0.36899563318777295,0.32545931758530183,4,5,0.8,0.16719685461531586,0.044416295649643556,87
E1,1,2.5,same_dir,452,75.33333333333333,0.026462831858407084,-0.14156140109890109,0.16802423295730817,0.3163716814159292,0.2664835164835165,4,5,0.8,0.19744501155470556,0.1461050574712644,87
E1,1,2.0,same_fast15_size60,185,30.833333333333332,0.025935135135135144,-0.06575333333333333,0.09168846846846848,0.3621621621621622,0.33816425120772947,3,5,0.6,0.12737602611098808,,28
E1,3,1.5,same_fast15,514,85.66666666666667,0.025824124513618686,-0.06884626168224298,0.09467038619586166,0.4377431906614786,0.40031152647975077,4,5,0.8,0.10019456715828935,0.1386590722495895,84
E1,2,2.5,same_short_only,252,42.0,0.025519841269841276,-0.13207609467455622,0.1575959359443975,0.3134920634920635,0.26745562130177514,2,5,0.4,0.05813352903816617,0.6987671610169492,40
E1,2,1.5,same_long_fast15,242,40.333333333333336,0.025029338842975216,-0.04363646812957158,0.06866580697254679,0.4380165289256198,0.4117032392894462,2,5,0.4,0.12741281146959388,-0.1135500185712517,41
E3,1,3.0,same_fast30,446,74.33333333333333,0.0221408071748879,-0.19062363067292645,0.21276443784781435,0.27802690582959644,0.2222222222222222,4,5,0.8,0.2610897709489259,0.11341860679970435,82
E1,2,2.5,same_short_fast15,231,38.5,0.020552380952380954,-0.1269294457274827,0.14748182667986365,0.3116883116883117,0.2690531177829099,2,5,0.4,0.08367218472189444,0.5143083183183184,37
E1,3,2.0,same_fast30,521,86.83333333333333,0.020090978886756247,-0.09707394366197182,0.11716492254872807,0.362763915547025,0.323943661971831,4,5,0.8,0.12307102465144917,0.18761716118684843,87
E1,5,1.0,same_short_fast15,273,45.5,0.01989377289377289,-0.06989860465116278,0.08979237754493567,0.5421245421245421,0.49534883720930234,3,5,0.6,0.06726855802076301,0.2929932123125494,42
E1,1,2.5,same_long_fast15,192,32.0,0.01867604166666666,-0.09583127530364371,0.11450731697031037,0.3125,0.28036437246963564,3,5,0.6,0.2931521929824561,-0.4879151485148515,35
E3,1,3.0,same_dir,455,75.83333333333333,0.018473406593406586,-0.19101444444444446,0.20948785103785106,0.27692307692307694,0.2222222222222222,4,5,0.8,0.2335214950518045,0.21021946192430457,85
E1,1,2.0,same_dir,470,78.33333333333333,0.01825978723404257,-0.09578506666666665,0.11404485390070923,0.3659574468085106,0.32666666666666666,4,5,0.8,0.13953035880708292,0.09720161290322576,90
E1,5,1.5,same_fast15,514,85.66666666666667,0.018235408560311285,-0.04551128747795414,0.06374669603826542,0.43190661478599224,0.4074074074074074,3,5,0.6,0.06934921608265947,0.1536324675324675,84
E1,3,1.5,same_fast15_size60,229,38.166666666666664,0.017518777292576428,-0.03768878101402373,0.05520755830660016,0.4279475982532751,0.41423948220064727,3,5,0.6,0.08391123459284705,,27
E1,3,1.0,same_short_fast15,273,45.5,0.01695311355311354,-0.07285820734341253,0.08981132089652608,0.5421245421245421,0.49676025917926564,3,5,0.6,0.09057794313300643,0.14804403812056735,47
E1,2,2.0,same_long_only,251,41.833333333333336,0.01614382470119522,-0.018348074807480748,0.03449189950867597,0.36254980079681276,0.35203520352035206,2,5,0.4,0.11871813473720252,-0.20003154284385538,47
E1,4,1.5,same_short_fast15,264,44.0,0.014909848484848496,-0.03317870588235294,0.048088554367201435,0.4318181818181818,0.41294117647058826,3,5,0.6,0.02087050691244239,0.2912013417521705,42
E1,1,1.0,same_fast15,434,72.33333333333333,0.014680184331797227,-0.10602535885167465,0.12070554318347188,0.5460829493087558,0.48444976076555024,4,5,0.8,0.19077045239911372,-0.12585723712217967,81
E1,4,2.0,same_short_only,275,45.833333333333336,0.01448145454545454,-0.06994391191709844,0.08442536646255297,0.36,0.3316062176165803,3,5,0.6,-0.002758244727981564,0.5588705194805195,42
E1,4,2.0,same_short_fast15,253,42.166666666666664,0.014001185770750985,-0.06745163727959697,0.08145282305034796,0.35968379446640314,0.33249370277078083,3,5,0.6,0.024675438076133534,0.4108548076923077,39
E1,3,2.0,same_dir,533,88.83333333333333,0.013028893058161375,-0.09283273381294962,0.105861626871111,0.3602251407129456,0.3255395683453237,4,5,0.8,0.09574713900802813,0.23918,90
E1,4,1.5,same_fast15,513,85.5,0.01277894736842105,-0.051283361064891834,0.06406230843331288,0.43079922027290446,0.4059900166389351,3,5,0.6,0.06738006654937251,0.14288869572738283,82
E1,3,2.0,same_long_fast15,236,39.333333333333336,0.011691525423728824,-0.05560351699882766,0.06729504242255649,0.3601694915254237,0.3376318874560375,2,5,0.4,0.1523981362851311,-0.23848192661935683,37
E1,3,1.5,same_long_fast15,253,42.166666666666664,0.01125375494071146,-0.03740077519379844,0.0486545301345099,0.4308300395256917,0.4130675526024363,2,5,0.4,0.08305180306101054,-0.08077706349206346,40
E1,4,1.5,same_long_fast15,249,41.5,0.01051967871485944,-0.03108104046242774,0.04160071917728718,0.42971887550200805,0.4138728323699422,2,5,0.4,0.07230967650819134,-0.07672588797814209,40
E1,3,1.0,same_short_only,297,49.5,0.010055555555555566,-0.07297671840354766,0.08303227395910323,0.5387205387205387,0.49667405764966743,3,5,0.6,0.06746187332259795,0.21211179894179893,50
E1,3,1.5,same_fast30,550,91.66666666666667,0.009756727272727264,-0.05988762376237623,0.0696443510351035,0.4309090909090909,0.4042904290429043,4,5,0.8,0.07835606970446249,0.09710324892498808,91
E1,1,1.5,same_fast15,430,71.66666666666667,0.009711162790697683,-0.08792080783353733,0.09763197062423501,0.43488372093023253,0.3953488372093023,3,5,0.6,0.15867219446257108,-0.08135578555472822,79
E3,1,4.0,same_short_only,223,37.166666666666664,0.0077802690582959655,-0.3328646835443038,0.3406449526025998,0.21973094170403587,0.1468354430379747,5,5,1.0,0.21538484648338238,0.8727329518072291,40
E1,1,1.5,same_fast30,470,78.33333333333333,0.00758936170212766,-0.09166344916344916,0.09925281086557683,0.4340425531914894,0.3938223938223938,3,5,0.6,0.16166427064821295,-0.08567094508301404,87
E1,3,2.0,same_fast15_size60,212,35.333333333333336,0.007143396226415091,-0.052662485746864295,0.059805881973279386,0.35377358490566035,0.33979475484606614,3,5,0.6,0.09905027624309393,,27
E1,4,1.5,same_short_only,287,47.833333333333336,0.007086411149825776,-0.03180108827085853,0.038887499420684306,0.42857142857142855,0.4135429262394196,2,5,0.4,-0.012196952797448271,0.3926013732833958,45
E1,1,1.0,same_fast30,476,79.33333333333333,0.006806512605042014,-0.10769005037783375,0.11449656298287576,0.542016806722689,0.4836272040302267,4,5,0.8,0.1736088603069411,-0.08801296872884798,89
E3,1,4.0,same_short_fast15,205,34.166666666666664,0.005989268292682928,-0.32482165841584154,0.33081092670852447,0.21951219512195122,0.1485148514851485,4,5,0.8,0.24219735381488433,0.7004719494642572,37
E1,1,4.0,same_short_fast15,193,32.166666666666664,0.00512849740932641,-0.3833664310954064,0.38849492850473283,0.21761658031088082,0.13427561837455831,4,5,0.8,0.21303836913767019,1.042428190220632,39
E1,5,1.0,same_short_only,296,49.333333333333336,0.003762837837837836,-0.06666140979689367,0.0704242476347315,0.5337837837837838,0.4970131421744325,3,5,0.6,0.030376451059030724,0.3561232833957553,45
E1,1,2.0,same_long_fast15,201,33.5,0.002109452736318414,-0.06249332679097154,0.06460277952728996,0.3582089552238806,0.338567222767419,2,5,0.4,0.2124261940541787,-0.4732506379585327,36
E1,1,1.5,same_dir,482,80.33333333333333,0.002013485477178422,-0.08970718954248365,0.09172067501966207,0.4315352697095436,0.39477124183006534,3,5,0.6,0.14344685306285865,-0.05003218029350105,90
E1,1,1.0,same_dir,488,81.33333333333333,0.001336065573770483,-0.10603324808184145,0.10736931365561193,0.5389344262295082,0.4846547314578005,4,5,0.8,0.160163306178015,-0.06952222592691387,92
E1,3,1.5,same_dir,562,93.66666666666667,0.0007656583629893284,-0.05278787878787879,0.05355353715086812,0.42704626334519574,0.4074074074074074,4,5,0.8,0.04976961468267984,0.13009405043341213,94
E1,3,1.0,same_fast15_size60,240,40.0,0.00044249999999999937,-0.06563576642335767,0.06607826642335766,0.525,0.502606882168926,3,5,0.6,0.0948617239353107,,28
E1,5,1.5,same_fast30,549,91.5,0.0004415300546447989,-0.03134266917293234,0.03178419922757714,0.424408014571949,0.41353383458646614,3,5,0.6,0.04005904356060605,0.1080746373626374,91
E1,2,1.5,same_long_only,267,44.5,-0.0011449438202247053,-0.0379799356223176,0.036834991802092897,0.42696629213483145,0.41416309012875535,2,5,0.4,0.0901720248226022,-0.11514535147392291,49
E3,1,3.0,same_long_fast15,199,33.166666666666664,-0.0020758793969849203,-0.12586975169300227,0.12379387229601735,0.271356783919598,0.23927765237020315,3,5,0.6,0.23820596874307248,-0.18585705741626793,38
E1,2,2.5,same_fast15,442,73.66666666666667,-0.002476244343891395,-0.15889893129770993,0.15642268695381853,0.3054298642533937,0.2595419847328244,4,5,0.8,0.19038681058495824,0.16759619164619166,74
E1,1,2.5,same_long_only,216,36.0,-0.003514351851851844,-0.09370995850622406,0.09019560665437222,0.3055555555555556,0.28112033195020747,3,5,0.6,0.24988212797138332,-0.4123530036630037,42
E1,4,1.5,same_fast30,548,91.33333333333333,-0.0046733576642335635,-0.038347526501766774,0.033674168837533214,0.4233576642335766,0.411660777385159,3,5,0.6,0.03890439669052592,0.10137880261613284,89
E0,1,4.0,same_fast15_size60,137,22.833333333333332,-0.005316058394160584,-0.07740810810810811,0.07209204971394753,0.2116788321167883,0.20374220374220375,2,4,0.5,0.08808421351574941,,25
E1,2,1.0,same_fast15,504,84.0,-0.005430357142857151,-0.0856614640883978,0.08023110694554064,0.5317460317460317,0.4930939226519337,4,5,0.8,0.11902736732477215,0.008128154761904795,84
E1,5,1.5,same_dir,560,93.33333333333333,-0.006551964285714299,-0.024496737044145886,0.017944772758431586,0.42142857142857143,0.4165067178502879,2,5,0.4,0.014006795984807396,0.14112839204743638,94
E1,4,1.0,same_fast15,542,90.33333333333333,-0.007555166051660518,-0.05790943999999999,0.050354273948339474,0.5276752767527675,0.504,4,5,0.8,0.06540982774620113,0.06922391339214115,86
E3,1,1.0,same_fast15_size60,197,32.833333333333336,-0.007678172588832482,-0.108939896373057,0.10126172378422452,0.5279187817258884,0.49119170984455957,4,5,0.8,0.10613271697471094,,26
E1,4,1.0,same_fast30,580,96.66666666666667,-0.010698620689655174,-0.058063202725724024,0.04736458203606885,0.5258620689655172,0.504258943781942,5,5,1.0,0.053108940115356336,0.10576217580369619,94
E1,4,1.5,same_dir,559,93.16666666666667,-0.011573524150268324,-0.03206504504504504,0.020491520894776714,0.4203935599284436,0.4144144144144144,3,5,0.6,0.013624656360588568,0.13555442250248922,92
E1,2,1.0,same_fast15_size60,227,37.833333333333336,-0.011924669603524233,-0.061986913086913085,0.05006224348338885,0.5198237885462555,0.5064935064935064,3,5,0.6,0.09046622258162337,,27
E1,4,1.5,same_fast15_size60,229,38.166666666666664,-0.012010043668122302,-0.024311186440677958,0.012301142772555656,0.4148471615720524,0.4180790960451977,2,5,0.4,0.029592733778662048,,26
E1,2,1.0,same_fast30,543,90.5,-0.012113627992633517,-0.08493153284671531,0.0728179048540818,0.5285451197053407,0.49343065693430654,5,5,1.0,0.11032675651867514,0.005701458810068671,92
E1,5,2.5,same_short_fast15,227,37.833333333333336,-0.014299999999999985,-0.20572642857142856,0.19142642857142858,0.29955947136563876,0.24285714285714285,4,5,0.8,0.11326524366471735,0.64863249949156,33
E1,5,2.5,same_short_only,247,41.166666666666664,-0.01506072874493926,-0.2110802941176471,0.19601956537270782,0.29959514170040485,0.2411764705882353,3,5,0.6,0.07726117807890191,0.8567360730593607,36
E1,3,1.0,same_fast15,538,89.66666666666667,-0.015299628252788113,-0.08261316187594553,0.06731353362315742,0.5241635687732342,0.49319213313161875,5,5,1.0,0.08327595270170518,0.07811555056179774,89
E1,4,2.0,same_fast15,486,81.0,-0.01540123456790123,-0.07580980392156861,0.06040856935366738,0.3497942386831276,0.32976827094474154,3,5,0.6,0.037957839679952574,0.23786887298747772,78
E1,1,3.0,same_fast15,386,64.33333333333333,-0.017533678756476687,-0.18317175368139227,0.16563807492491558,0.26424870466321243,0.2222222222222222,4,5,0.8,0.2122096093536951,0.05717602739726027,73
E3,1,3.0,same_fast15_size60,183,30.5,-0.017917486338797806,-0.12045986696230598,0.10254238062350818,0.26229508196721313,0.24168514412416853,4,5,0.8,0.1444024421783788,,24
E1,4,1.0,same_dir,591,98.5,-0.01951269035532995,-0.04992413194444444,0.030411441589114494,0.5211505922165821,0.5086805555555556,2,5,0.4,0.027007052972427968,0.12405901677181103,97
E1,2,2.5,same_fast30,473,78.83333333333333,-0.0197272727272727,-0.15359342948717947,0.13386615675990676,0.30021141649048627,0.26121794871794873,4,5,0.8,0.16293512243017313,0.1620693536673929,81
E1,2,1.0,same_dir,555,92.5,-0.01987099099099099,-0.07983268945022289,0.059961698459231896,0.5243243243243243,0.4962852897473997,4,5,0.8,0.08990445082870989,0.022639823383963288,95
E1,1,2.0,same_long_only,226,37.666666666666664,-0.022165044247787608,-0.0585989939637827,0.03643394971599509,0.3495575221238938,0.34004024144869216,3,5,0.6,0.16028155831571533,-0.36631667797376755,44
E1,4,1.0,same_fast15_size60,242,40.333333333333336,-0.022344628099173557,-0.037709081081081085,0.015364452981907528,0.512396694214876,0.5156756756756756,3,5,0.6,0.033555627981898734,,27
E3,1,1.5,same_fast15_size60,197,32.833333333333336,-0.023559898477157358,-0.09214519832985388,0.06858529985269651,0.41624365482233505,0.39979123173277664,2,5,0.4,0.0842791031016985,,26
E1,2,2.5,same_dir,485,80.83333333333333,-0.023609896907216467,-0.15314133986928105,0.1295314429620646,0.29896907216494845,0.26143790849673204,4,5,0.8,0.13957851625660972,0.23567324561403508,84
E3,1,1.0,same_fast15,440,73.33333333333333,-0.024147045454545456,-0.13298462603878117,0.1088375805842357,0.5318181818181819,0.47645429362880887,4,5,0.8,0.1510874505274505,-0.06934690206528979,79
E1,4,2.5,same_short_fast15,236,39.333333333333336,-0.026337288135593214,-0.20446060191518467,0.17812331377959145,0.2966101694915254,0.24350205198358413,4,5,0.8,0.128659558480735,0.511204746835443,36
E3,1,1.5,same_fast30,473,78.83333333333333,-0.026398520084566595,-0.11793240469208212,0.09153388460751552,0.4249471458773784,0.3870967741935484,3,5,0.6,0.13764941945288756,-0.038696736596736614,87
E3,1,1.5,same_fast15,438,73.0,-0.02720913242009131,-0.11296903765690378,0.08575990523681247,0.4246575342465753,0.3891213389121339,4,5,0.8,0.14164636331547692,-0.08589409841562583,79
E1,2,2.5,same_long_fast15,211,35.166666666666664,-0.027687677725118476,-0.11211196388261851,0.08442428615750004,0.2985781990521327,0.27313769751693,2,5,0.4,0.20185971271760567,-0.24801659159159162,37
E1,3,1.0,same_fast30,576,96.0,-0.02812829861111111,-0.07485810593900481,0.0467298073278937,0.5173611111111112,0.49759229534510435,4,5,0.8,0.05739441324866055,0.07617138086249456,97
E1,4,2.0,same_fast30,519,86.5,-0.02926994219653178,-0.06595303030303029,0.03668308810649851,0.3448940269749518,0.3333333333333333,3,5,0.6,0.011906526955687103,0.21560765670202509,85
E3,1,1.0,same_fast30,477,79.5,-0.030662264150943395,-0.13432656934306567,0.10366430519212227,0.5283018867924528,0.4759124087591241,4,5,0.8,0.13377063237942766,-0.022215996168582358,87
E1,4,1.5,same_long_only,272,45.333333333333336,-0.03126249999999999,-0.018720071258907362,-0.01254242874109263,0.4117647058823529,0.4192399049881235,2,5,0.4,0.030940684544812996,-0.18266865328820114,47
E3,1,1.5,same_dir,483,80.5,-0.03202256728778469,-0.11525223214285714,0.08322966485507245,0.422360248447205,0.38839285714285715,4,5,0.8,0.1175657459398974,0.0011256349206349436,90
E1,4,2.0,same_dir,530,88.33333333333333,-0.03336113207547169,-0.06253945841392651,0.029178326338454817,0.3433962264150943,0.3346228239845261,3,5,0.6,-0.011966328825487631,0.2724244079449962,88
E1,3,1.5,same_long_only,277,46.166666666666664,-0.033517689530685936,-0.024620364050056884,-0.008897325480629052,0.41155234657039713,0.41865756541524457,2,5,0.4,0.03631785133150771,-0.1862674070610241,47
E1,4,2.5,same_short_only,255,42.5,-0.03495529411764705,-0.20612738764044944,0.17117209352280238,0.29411764705882354,0.24297752808988765,4,5,0.8,0.07783213531023091,0.7127105376344085,39
E1,5,1.5,same_fast15_size60,232,38.666666666666664,-0.03497155172413792,-0.009797997644287402,-0.025173554079850516,0.4051724137931034,0.42285041224970554,3,5,0.6,0.009502913043478254,,28
E1,3,1.0,same_dir,588,98.0,-0.03511394557823129,-0.0690531914893617,0.033939245911130414,0.5136054421768708,0.5008183306055647,4,5,0.8,0.03685429224206092,0.092747381294964,100
E3,1,1.0,same_dir,487,81.16666666666667,-0.03515626283367555,-0.13262,0.09746373716632444,0.5256673511293635,0.47703703703703704,5,5,1.0,0.12081404609341162,0.00035470449172572693,90
E1,1,1.0,same_long_fast15,209,34.833333333333336,-0.03599712918660286,-0.07044542884071632,0.03444829965411346,0.5167464114832536,0.5032987747408105,3,5,0.6,0.12024712656405713,-0.3015679766922886,37
E1,1,1.0,same_long_only,236,39.333333333333336,-0.03620254237288136,-0.07129806576402321,0.03509552339114185,0.5169491525423728,0.5029013539651838,3,5,0.6,0.10302336143337308,-0.2060895238095238,45
E1,5,1.5,same_long_fast15,257,42.833333333333336,-0.03653929961089492,-0.008545266990291251,-0.02799403262060367,0.4085603112840467,0.4223300970873786,2,5,0.4,0.02232868892114177,-0.19062344401129183,43
E3,1,2.5,same_long_fast15,204,34.0,-0.03673627450980392,-0.061910867178924266,0.025174592669120345,0.29901960784313725,0.29418221734357847,3,5,0.6,0.1254867325949367,-0.25508121516164994,39
E1,5,2.0,same_fast15,478,79.66666666666667,-0.03695,-0.09616908396946562,0.059219083969465625,0.3410041841004184,0.32251908396946566,3,5,0.6,0.08270607594936709,0.09994712007089057,74
E1,1,1.5,same_long_fast15,206,34.333333333333336,-0.03707233009708737,-0.05765475504322766,0.020582424946140286,0.41262135922330095,0.40826128722382327,2,5,0.4,0.10854912151491222,-0.3082117762128326,36
E1,1,2.5,same_fast15_size60,175,29.166666666666668,-0.0372142857142857,-0.08416218905472636,0.04694790334044066,0.2914285714285714,0.2845771144278607,3,5,0.6,0.08037881201334818,,27
E1,5,1.0,same_fast15,540,90.0,-0.03971981481481481,-0.056042327150084316,0.016322512335269504,0.5092592592592593,0.5042158516020236,3,5,0.6,0.032168586686233756,0.03592287297527705,85
E1,3,2.0,same_long_only,258,43.0,-0.041598449612403096,-0.04084019253910951,-0.0007582570732935848,0.34108527131782945,0.34296028880866425,2,5,0.4,0.08938136553369111,-0.31920031712473573,44
E1,1,3.0,same_fast30,419,69.83333333333333,-0.04160071599045344,-0.17670392156862744,0.135103205578174,0.2577565632458234,0.22408963585434175,4,5,0.8,0.1848779675598663,0.0068774244966442605,80
E1,1,4.0,same_short_only,212,35.333333333333336,-0.04165801886792452,-0.3803093975903614,0.3386513787224369,0.20754716981132076,0.13493975903614458,4,5,0.8,0.14336460743110055,1.0997575466284073,41
E1,1,1.5,same_long_only,232,38.666666666666664,-0.04433275862068965,-0.0565224630541872,0.012189704433497546,0.40948275862068967,0.4088669950738916,2,5,0.4,0.0951412350514022,-0.2732080598669623,44
E3,1,3.0,same_long_only,220,36.666666666666664,-0.04598090909090909,-0.11770855491329481,0.07172764582238572,0.2590909090909091,0.24161849710982658,3,5,0.6,0.18447867647058824,-0.22137446416831036,45
E1,4,2.0,same_long_fast15,233,38.833333333333336,-0.047327467811158805,-0.04789557739557739,0.0005681095844185871,0.33905579399141633,0.33906633906633904,2,5,0.4,0.027208985502382703,-0.04555618131868129,39
E1,3,1.0,same_long_fast15,265,44.166666666666664,-0.04852603773584906,-0.053510813704496785,0.004984775968647721,0.5056603773584906,0.5074946466809421,2,5,0.4,0.024313180022024976,-0.03542504230118447,42
E1,1,3.0,same_dir,430,71.66666666666667,-0.04856348837209301,-0.17455903271692746,0.12599554434483445,0.2558139534883721,0.22475106685633,3,5,0.6,0.1496049220997774,0.0994378775375474,83
E3,1,2.5,same_long_only,227,37.833333333333336,-0.04875198237885461,-0.059491328828828835,0.010739346449974228,0.29515418502202645,0.29504504504504503,3,5,0.6,0.08393343349753694,-0.15068882978723402,47
E1,5,1.0,same_fast30,577,96.16666666666667,-0.049032235701906415,-0.04746438848920863,-0.0015678472126977872,0.5043327556325823,0.5089928057553957,2,5,0.4,0.010122128088702796,0.034535153019024004,93
E1,5,2.0,same_fast30,511,85.16666666666667,-0.04969041095890411,-0.086889816700611,0.03719940574170688,0.33659491193737767,0.3258655804480652,2,5,0.4,0.06109346761163575,0.07147479334406871,81
E0,2,4.0,same_fast15,155,25.833333333333332,-0.05212451612903223,-0.1793544520547945,0.12722993592576226,0.2064516129032258,0.1815068493150685,3,5,0.6,0.17567406162464985,-0.025588125000000017,32
E1,5,2.0,same_dir,522,87.0,-0.05342068965517242,-0.083685625,0.030264935344827583,0.33524904214559387,0.32708333333333334,2,5,0.4,0.038001988131905015,0.12854732142857145,84
E1,4,1.0,same_long_fast15,264,44.0,-0.05682007575757576,-0.02800420819490587,-0.02881586756266989,0.5,0.5193798449612403,2,5,0.4,-0.0058425464279738965,-0.11363015873015873,42
E1,5,1.0,same_dir,588,98.0,-0.057178401360544216,-0.038643853211009174,-0.018534548149535042,0.5,0.5137614678899083,2,5,0.4,-0.015878393265059916,0.052106094160104956,96
E1,2,1.0,same_long_fast15,246,41.0,-0.06300284552845528,-0.05015997963340122,-0.01284286589505406,0.5,0.5112016293279023,1,5,0.2,0.018815128861171072,-0.08246208098041574,41
E3,1,2.0,same_long_fast15,212,35.333333333333336,-0.07181037735849057,-0.04159310344827585,-0.030217273910214712,0.33490566037735847,0.35021551724137934,2,5,0.4,0.050079753512365856,-0.29324289416257504,39
E1,4,1.0,same_long_only,289,48.166666666666664,-0.0724439446366782,-0.02204100227790432,-0.050402942358773885,0.4913494809688581,0.5227790432801822,2,5,0.4,-0.035157314871325396,-0.09092239779005529,50
E1,5,1.0,same_fast15_size60,243,40.5,-0.07251522633744856,-0.04164112359550561,-0.030874102741942945,0.48559670781893005,0.5123595505617977,2,5,0.4,-0.007804706959706961,,28
E1,2,2.5,same_fast15_size60,193,32.166666666666664,-0.0728238341968912,-0.1007945796460177,0.027970745449126505,0.27979274611398963,0.2776548672566372,3,5,0.6,0.08110325299100514,,25
E1,5,1.5,same_long_only,280,46.666666666666664,-0.07326107142857143,0.005095131086142332,-0.07835620251471376,0.39285714285714285,0.4282147315855181,2,5,0.4,-0.01618940956221195,-0.287412,50
E1,3,2.5,same_long_fast15,219,36.5,-0.07615388127853881,-0.16205992555831264,0.08590604427977383,0.2831050228310502,0.25682382133995035,2,5,0.4,0.17741014116969173,-0.15211095519864748,35
E1,2,2.5,same_long_only,233,38.833333333333336,-0.07674592274678112,-0.10103182870370368,0.024285905956922565,0.2832618025751073,0.27662037037037035,2,5,0.4,0.14235150241545896,-0.30403704676826065,44
E1,2,3.0,same_short_only,239,39.833333333333336,-0.07762552301255228,-0.22150697384806972,0.14388145083551745,0.24686192468619247,0.21046077210460773,3,5,0.6,0.03435115430646696,0.7231883108935129,38
E1,3,2.5,same_short_only,253,42.166666666666664,-0.07845217391304347,-0.1650901554404145,0.08663798152737102,0.28063241106719367,0.25647668393782386,3,5,0.6,0.0004024572649572733,0.5124205147388897,41
E1,3,2.5,same_fast15,452,75.33333333333333,-0.0797920353982301,-0.19412216404886562,0.11433012865063552,0.2809734513274336,0.24781849912739964,4,5,0.8,0.1472581291424923,0.11156301369863011,73
E3,1,2.0,same_long_only,235,39.166666666666664,-0.08068936170212765,-0.038519558011049726,-0.04216980369107792,0.33191489361702126,0.35138121546961326,2,5,0.4,0.022480823631813723,-0.2228858510638298,47
E1,2,1.0,same_long_only,273,45.5,-0.0807087912087912,-0.044735392670157074,-0.03597339853863412,0.4908424908424908,0.5141361256544502,1,5,0.2,-0.001290257104194864,-0.12026841444270017,49
E0,2,4.0,same_dir,170,28.333333333333332,-0.08075882352941176,-0.16867075812274368,0.08791193459333192,0.2,0.18411552346570398,4,5,0.8,0.11186232925952551,0.026452182539682567,36
E1,3,1.0,same_long_only,291,48.5,-0.08121477663230241,-0.0431773127753304,-0.03803746385697201,0.4879725085910653,0.513215859030837,2,5,0.4,-0.020198310239117098,-0.07568972486772485,50
E1,2,3.0,same_short_fast15,220,36.666666666666664,-0.08241409090909092,-0.21689963503649637,0.13448554412740543,0.24545454545454545,0.2116788321167883,4,5,0.8,0.07301479279579026,0.4819171428571428,35
E1,3,2.5,same_short_fast15,233,38.833333333333336,-0.08321158798283262,-0.16150214646464647,0.07829055848181385,0.27896995708154504,0.25757575757575757,3,5,0.6,0.032760326818107796,0.3117649651236525,38
E1,4,2.0,same_long_only,255,42.5,-0.08495607843137255,-0.03579608585858586,-0.04915999257278669,0.3254901960784314,0.3434343434343434,2,5,0.4,-0.013075460181287163,-0.1377456521739131,46
E0,2,4.0,same_fast30,166,27.666666666666668,-0.08696144578313253,-0.16375516014234878,0.07679371435921625,0.19879518072289157,0.18505338078291814,3,5,0.6,0.1335302951388889,-0.10872434077079106,34
E1,5,2.0,same_fast15_size60,213,35.5,-0.08963661971830988,-0.062055893536121676,-0.02758072618218821,0.3192488262910798,0.33460076045627374,3,5,0.6,0.027341184172765105,,26
E1,4,2.0,same_fast15_size60,210,35.0,-0.0905990476190476,-0.03702329749103943,-0.05357575012800818,0.319047619047619,0.34408602150537637,1,5,0.2,-0.05396861690574039,,26
E1,4,3.0,same_short_fast15,223,37.166666666666664,-0.09301390134529149,-0.2808864553314121,0.18787255398612063,0.242152466367713,0.1930835734870317,4,5,0.8,0.09171475082989233,0.7368141582150101,34
E1,4,2.5,same_fast15,448,74.66666666666667,-0.09395267857142856,-0.21885452793834295,0.1249018493669144,0.2767857142857143,0.23892100192678228,4,5,0.8,0.1516657188480502,0.18409864055299538,70
E1,1,3.0,same_fast15_size60,167,27.833333333333332,-0.09426646706586823,-0.13235486542443062,0.038088398358562384,0.23952095808383234,0.2360248447204969,3,5,0.6,0.06724082093181595,,26
E1,4,3.0,same_short_only,241,40.166666666666664,-0.09866597510373444,-0.2838739644970414,0.18520798939330696,0.24066390041493776,0.19230769230769232,3,5,0.6,0.03366111111111117,0.9986464408070042,37
E1,5,3.0,same_short_fast15,213,35.5,-0.09965352112676056,-0.3347903963414634,0.23513687521470283,0.23943661971830985,0.17835365853658536,4,5,0.8,0.1825305311696373,0.5918585815602837,30
E1,5,1.0,same_long_fast15,267,44.5,-0.10067303370786515,-0.03210404157043879,-0.06856899213742636,0.4756554307116105,0.5161662817551963,1,5,0.2,-0.025830454698876522,-0.23332804909560725,43
E1,3,2.5,same_fast30,481,80.16666666666667,-0.10131787941787943,-0.18118400735294116,0.07986612793506173,0.27442827442827444,0.25183823529411764,3,5,0.6,0.10226350987237164,0.11432298387096773,80
E3,1,1.0,same_long_fast15,213,35.5,-0.10141173708920186,-0.08960895679662804,-0.011802780292573811,0.48826291079812206,0.4994731296101159,2,5,0.4,0.046664895470383286,-0.21752015224358973,39
E1,3,2.5,same_dir,493,82.16666666666667,-0.1031320486815416,-0.18130432330827068,0.07817227462672907,0.2738336713995943,0.2518796992481203,3,5,0.6,0.08023687437810947,0.19435695509309966,83
E1,3,2.5,same_fast15_size60,196,32.666666666666664,-0.10462499999999998,-0.15294511459589868,0.0483201145958987,0.27040816326530615,0.2605548854041013,3,5,0.6,0.09988433306615116,,25
E1,5,3.0,same_short_only,231,38.5,-0.10500389610389613,-0.3394871473354232,0.23448325123152705,0.23809523809523808,0.17711598746081506,4,5,0.8,0.12444022937617272,0.8846679183135704,33
E3,1,1.5,same_long_only,235,39.166666666666664,-0.10736638297872339,-0.07357097826086954,-0.03379540471785385,0.3872340425531915,0.40652173913043477,1,5,0.2,0.010282120313622412,-0.14230404604115804,47
E3,1,1.0,same_long_only,237,39.5,-0.10745105485232066,-0.08775535135135135,-0.019695703500969317,0.48523206751054854,0.5005405405405405,2,5,0.4,0.017128509273756476,-0.12293008788159118,47
E3,1,1.5,same_long_fast15,212,35.333333333333336,-0.1085490566037736,-0.07412937433722162,-0.03441968226655198,0.3867924528301887,0.4061505832449629,2,5,0.4,0.029747059015484037,-0.2391213182977581,39
E1,1,3.0,same_long_fast15,180,30.0,-0.10947666666666667,-0.130001573976915,0.020524907310248336,0.2388888888888889,0.236096537250787,2,5,0.4,0.20903410693581193,-0.6347039424860853,33
E1,2,3.0,same_fast15,420,70.0,-0.11255690476190476,-0.2397889067524116,0.12723200199050683,0.23809523809523808,0.2057877813504823,4,5,0.8,0.15176289132602197,0.16819405208227783,71
E1,5,2.5,same_fast15,441,73.5,-0.11280544217687076,-0.20063251028806586,0.0878270681111951,0.2698412698412698,0.2448559670781893,2,5,0.4,0.08548597700114091,0.23404362745098034,68
E1,4,2.5,same_fast30,477,79.5,-0.11473920335429769,-0.20601163265306122,0.09127242929876353,0.27044025157232704,0.24285714285714285,3,5,0.6,0.10739759562841532,0.1865505161505161,77
E0,1,4.0,same_long_fast15,141,23.5,-0.1155035460992908,-0.061491544885177454,-0.05401200121411334,0.19148936170212766,0.20668058455114824,2,4,0.5,0.17845330047789726,,29
E1,5,2.0,same_long_fast15,233,38.833333333333336,-0.11683218884120171,-0.05309856957087125,-0.06373361927033046,0.3133047210300429,0.3368010403120936,1,5,0.2,0.02824609165362864,-0.35228215196328405,37
E1,5,1.0,same_long_only,292,48.666666666666664,-0.11895445205479453,-0.023718311533888228,-0.0952361405209063,0.4657534246575342,0.5208085612366231,1,5,0.2,-0.05169889360809607,-0.25276675786593705,51
E1,4,2.5,same_dir,487,81.16666666666667,-0.11927905544147843,-0.2033070833333333,0.08402802789185487,0.26899383983572894,0.24375,3,5,0.6,0.07678981778379632,0.2702313815789473,80
E1,5,2.5,same_fast30,471,78.5,-0.12772653927813163,-0.19099868421052632,0.06327214493239469,0.2653927813163482,0.24780701754385964,2,5,0.4,0.05235611755222577,0.23568568224299064,75
E1,3,2.5,same_long_only,240,40.0,-0.12914875,-0.14815579617834396,0.01900704617834395,0.26666666666666666,0.2611464968152866,2,5,0.4,0.10973672301912565,-0.21642848324514985,42
E1,5,2.5,same_dir,481,80.16666666666667,-0.13207879417879417,-0.18772354260089685,0.05564474842210268,0.26403326403326405,0.24887892376681614,2,5,0.4,0.0203446624969785,0.32336410256410264,78
E1,3,3.0,same_short_only,242,40.333333333333336,-0.13289256198347105,-0.27556584022038566,0.1426732782369146,0.23140495867768596,0.19559228650137742,3,5,0.6,0.0005113196017111077,0.8069906666666666,40
E1,2,3.0,same_fast30,448,74.66666666666667,-0.13501986607142857,-0.22884461279461277,0.0938247467231842,0.23214285714285715,0.20875420875420875,3,5,0.6,0.10431432089969353,0.18327931235431238,78
E1,3,3.0,same_short_fast15,223,37.166666666666664,-0.1424367713004484,-0.26907033557046983,0.12663356427002143,0.22869955156950672,0.19731543624161074,3,5,0.6,0.034182044944674694,0.5580721250662426,37
E1,2,3.0,same_dir,458,76.33333333333333,-0.14562292576419214,-0.2221357876712329,0.07651286190704076,0.2292576419213974,0.2106164383561644,3,5,0.6,0.07263203276502295,0.22193153846153843,80
E1,2,3.0,same_long_fast15,200,33.333333333333336,-0.145714,-0.19866959619952493,0.05295559619952492,0.23,0.2161520190023753,3,5,0.6,0.15425483063172396,-0.2062317049808429,36
E1,5,2.0,same_long_only,255,42.5,-0.14844627450980388,-0.04042958500669343,-0.10801668950311046,0.30196078431372547,0.3413654618473896,2,5,0.4,-0.008098487165846519,-0.42556638755980863,44
E1,1,3.0,same_long_only,202,33.666666666666664,-0.1504009900990099,-0.12160719656283567,-0.028793793536174228,0.22772277227722773,0.23845327604726102,1,5,0.2,0.14980706251864334,-0.6156058201058201,40
E1,4,3.0,same_fast15,423,70.5,-0.16904066193853426,-0.29184838056680157,0.12280771862826731,0.2222222222222222,0.1902834008097166,4,5,0.8,0.12095607223198057,0.29606645074224014,65
E1,4,2.5,same_long_fast15,212,35.333333333333336,-0.16922264150943392,-0.1586769536423841,-0.010545687867049819,0.25471698113207547,0.25695364238410595,2,5,0.4,0.0751616177039233,-0.24076404411764707,34
E1,4,4.0,same_short_fast15,208,34.666666666666664,-0.16969807692307695,-0.4617804381846635,0.2920823612615866,0.1778846153846154,0.11580594679186229,4,5,0.8,0.2081163016597707,0.743593064516129,31
E3,1,4.0,same_fast15,379,63.166666666666664,-0.17703614775725596,-0.3062009463722397,0.12916479861498376,0.17941952506596306,0.1529968454258675,3,5,0.6,0.11640180934118613,0.24381614842454388,72
E1,3,3.0,same_fast15,427,71.16666666666667,-0.18568735362997657,-0.2826844731977819,0.09699711956780532,0.21779859484777517,0.19408502772643252,4,5,0.8,0.09109090503292039,0.239867541022877,69
E1,2,4.0,same_short_only,218,36.333333333333336,-0.18693348623853212,-0.42726180081855386,0.24032831458002174,0.1743119266055046,0.12414733969986358,5,5,1.0,0.09138575498575502,0.9469569078947367,32
E1,2,4.0,same_short_fast15,201,33.5,-0.18696865671641794,-0.42180493333333335,0.23483627661691542,0.17412935323383086,0.12533333333333332,4,5,0.8,0.1359197285840689,0.6741339826839826,30
E1,4,4.0,same_short_only,224,37.333333333333336,-0.18772321428571428,-0.4628008025682182,0.27507758828250395,0.17410714285714285,0.11556982343499198,4,5,0.8,0.16486816715178598,0.8780169739208633,32
E1,5,3.0,same_fast15,416,69.33333333333333,-0.18854927884615383,-0.3585258278145695,0.16997654896841566,0.21634615384615385,0.17218543046357615,4,5,0.8,0.20555751783631754,0.1960195767195767,63
E1,5,4.0,same_short_only,215,35.833333333333336,-0.19342186046511628,-0.6072077720207253,0.413785911555609,0.17209302325581396,0.0846286701208981,5,5,1.0,0.31119568288854005,,29
E1,3,4.0,same_short_only,226,37.666666666666664,-0.19407610619469026,-0.5117778280542986,0.3177017218596083,0.17256637168141592,0.10558069381598793,4,5,0.8,0.2079788188793304,0.9041902297702298,35
E1,4,3.0,same_fast30,450,75.0,-0.19409133333333334,-0.2748098501070664,0.08071851677373304,0.21555555555555556,0.1948608137044968,3,5,0.6,0.05681975766720038,0.33771244807892,72
E1,5,4.0,same_short_fast15,198,33.0,-0.1947525252525252,-0.594963087248322,0.40021056199579685,0.1717171717171717,0.087248322147651,5,5,1.0,0.3510705733270301,,27
E3,1,4.0,same_fast30,407,67.83333333333333,-0.19974471744471745,-0.2969174917491749,0.09717277430445748,0.17444717444717445,0.1551155115511551,3,5,0.6,0.08196842946040067,0.21252605402172836,79
E1,4,3.0,same_dir,459,76.5,-0.20161350762527236,-0.268857423580786,0.06724391595551366,0.21350762527233116,0.1965065502183406,2,5,0.4,0.02717195684007706,0.38853485199485194,74
E1,3,3.0,same_fast30,455,75.83333333333333,-0.20326505494505495,-0.27238830409356724,0.06912324914851228,0.21318681318681318,0.1968810916179337,3,5,0.6,0.04607537340846557,0.27464824561403506,76
E3,1,4.0,same_dir,415,69.16666666666667,-0.20383012048192772,-0.29538227424749164,0.09155215376556392,0.17349397590361446,0.15551839464882944,3,5,0.6,0.05872042598438276,0.2734946469135803,81
E1,3,3.0,same_dir,466,77.66666666666667,-0.20581738197424893,-0.2715336653386454,0.0657162833643965,0.21244635193133046,0.19721115537848605,2,5,0.4,0.01419694025250881,0.3855590261147223,79
E1,1,4.0,same_fast15,351,58.5,-0.2098233618233618,-0.36301056439942114,0.15318720257605933,0.17094017094017094,0.1389290882778582,4,5,0.8,0.12224314268142683,0.3225219215291751,71
E1,4,2.5,same_long_only,232,38.666666666666664,-0.2119625,-0.14489931972789113,-0.06706318027210886,0.2413793103448276,0.2612244897959184,2,5,0.4,0.0188078551216751,-0.29393033636218713,41
E1,5,3.0,same_fast30,443,73.83333333333333,-0.21276794582392777,-0.34411384976525816,0.1313459039413304,0.20993227990970656,0.176056338028169,3,5,0.6,0.14557710306934446,0.23817684582743986,70
E1,3,4.0,same_short_fast15,208,34.666666666666664,-0.2132918269230769,-0.49751130690161527,0.28421947997853836,0.16826923076923078,0.10866372980910426,4,5,0.8,0.21627305908449274,0.6484024451410658,33
E1,5,2.5,same_long_fast15,214,35.666666666666664,-0.21729485981308408,-0.1413092566619916,-0.07598560315109248,0.2383177570093458,0.26227208976157085,1,5,0.2,-0.002400461010501953,-0.2672536054421769,35
E1,2,3.0,same_fast15_size60,179,29.833333333333332,-0.21790502793296088,-0.18240741599073004,-0.03549761194223083,0.20670391061452514,0.2213209733487833,2,5,0.4,-0.01371195259039587,,25
E1,2,3.0,same_long_only,219,36.5,-0.21983013698630138,-0.18016986634264887,-0.03966027064365252,0.2100456621004566,0.22114216281895505,2,5,0.4,0.07005020348837207,-0.3427821428571428,42
E1,5,3.0,same_dir,452,75.33333333333333,-0.22005796460176993,-0.33904676258992805,0.11898879798815812,0.2079646017699115,0.1774580335731415,3,5,0.6,0.11694155694934,0.2901983585858586,72
E0,1,4.0,same_long_only,160,26.666666666666668,-0.22053749999999997,-0.04250149094781683,-0.17803600905218314,0.16875,0.2108626198083067,1,5,0.2,0.047667194265751646,-0.8748831862378459,35
E1,3,3.0,same_long_fast15,204,34.0,-0.2329661764705883,-0.24174829842931936,0.00878212195873107,0.20588235294117646,0.20418848167539266,2,5,0.4,0.09598429272646142,-0.22875636867088603,32
E0,2,4.0,same_long_fast15,67,11.166666666666666,-0.24079850746268652,-0.11662447368421053,-0.124174033778476,0.16417910447761194,0.19473684210526315,0,1,0.0,0.11560516084399859,,16
E1,1,4.0,same_fast30,380,63.333333333333336,-0.24597184210526316,-0.3489712990936556,0.10299945698839244,0.1631578947368421,0.1419939577039275,4,5,0.8,0.06204296519825536,0.3017692018507807,78
E1,4,2.5,same_fast15_size60,190,31.666666666666668,-0.2513478947368421,-0.1388934362934363,-0.11245445844340579,0.22631578947368422,0.26383526383526384,1,5,0.2,-0.09471212121212119,,24
E1,4,3.0,same_long_fast15,200,33.333333333333336,-0.2538105,-0.23000725244072523,-0.023803247559274765,0.2,0.20641562064156208,2,5,0.4,0.07267188006305558,-0.3135661290322581,31
E1,5,2.5,same_long_only,234,39.0,-0.25559786324786327,-0.12618282828282826,-0.129415034965035,0.2264957264957265,0.26695526695526695,1,5,0.2,-0.055849997537940343,-0.31970666666666675,42
E1,1,4.0,same_dir,389,64.83333333333333,-0.2634172236503856,-0.33999846860643185,0.07658124495604623,0.15938303341902313,0.1439509954058193,4,5,0.8,0.03248719301674163,0.28586023206751054,79
E1,5,3.0,same_long_fast15,203,33.833333333333336,-0.2818241379310345,-0.27573333333333333,-0.0060908045977011716,0.1921182266009852,0.19369369369369369,2,5,0.4,0.08779830466830474,-0.25688287220026346,33
E3,1,4.0,same_fast15_size60,164,27.333333333333332,-0.28357499999999997,-0.25291142520612486,-0.030663574793875104,0.1524390243902439,0.16489988221436985,2,5,0.4,-0.04798987184230885,,24
E1,5,2.5,same_fast15_size60,190,31.666666666666668,-0.2844078947368421,-0.12648181818181817,-0.15792607655502391,0.21578947368421053,0.2672998643147897,2,5,0.4,-0.13038765432098764,,24
E1,3,3.0,same_long_only,224,37.333333333333336,-0.2846022321428571,-0.2264380376344086,-0.058164194508448536,0.19196428571428573,0.20833333333333334,2,5,0.4,0.019163768882393073,-0.24808573611818646,39
E1,1,4.0,same_fast15_size60,150,25.0,-0.308856,-0.3118384529147982,0.002982452914798206,0.14666666666666667,0.15022421524663676,4,5,0.8,-0.07107436100131753,,26
E1,2,4.0,same_fast15,378,63.0,-0.312344708994709,-0.41163717277486916,0.09929246378016016,0.14814814814814814,0.1273996509598604,4,5,0.8,0.10108015873015869,0.12199564174330263,61
E1,4,3.0,same_long_only,218,36.333333333333336,-0.3154224770642202,-0.21017911301859799,-0.10524336404562223,0.1834862385321101,0.2117310443490701,2,5,0.4,0.00030142306088407067,-0.4240526456033498,37
E1,2,4.0,same_fast30,405,67.5,-0.32404222222222223,-0.4078705128205128,0.08382829059829056,0.145679012345679,0.1282051282051282,3,5,0.6,0.05451527866288164,0.24265583164300197,68
E1,3,3.0,same_fast15_size60,181,30.166666666666668,-0.3295220994475138,-0.21928500635324014,-0.11023709309427368,0.17679558011049723,0.21092757306226176,1,5,0.2,-0.10941915560293305,,24
E0,2,4.0,same_long_only,76,12.666666666666666,-0.330703947368421,-0.09519487870619947,-0.23550906866222154,0.14473684210526316,0.19946091644204852,0,1,0.0,-0.004305391632588862,,19
E1,2,4.0,same_dir,414,69.0,-0.33873695652173913,-0.3979465549348231,0.059209598413083986,0.14251207729468598,0.1303538175046555,3,5,0.6,0.026328278853914366,0.22879855072463773,69
E1,5,3.0,same_long_only,221,36.833333333333336,-0.34031809954751124,-0.2556148148148148,-0.08470328473269645,0.17647058823529413,0.19907407407407407,2,5,0.4,0.01932820057613721,-0.3807777389277389,39
E1,4,3.0,same_fast15_size60,181,30.166666666666668,-0.3525160220994475,-0.20634769021739127,-0.14616833188205622,0.1712707182320442,0.21331521739130435,2,5,0.4,-0.18746978965295044,,24
E1,4,4.0,same_fast15,385,64.16666666666667,-0.3580958441558442,-0.41668398268398266,0.058588138528138434,0.13766233766233765,0.12554112554112554,4,5,0.8,0.036958987866884396,0.2510419225037257,61
E1,5,3.0,same_fast15_size60,180,30.0,-0.37102222222222225,-0.2526338171262699,-0.11838840509595233,0.16666666666666666,0.20029027576197386,2,5,0.4,-0.08782591019566449,,23
E1,4,4.0,same_fast30,411,68.5,-0.3762036496350365,-0.40310825688073393,0.02690460724569743,0.13381995133819952,0.12844036697247707,3,5,0.6,-0.007848796901609612,0.2646896383467279,67
E1,4,4.0,same_dir,419,69.83333333333333,-0.38811384248210024,-0.3919514018691589,0.0038375593870586533,0.13126491646778043,0.1308411214953271,2,5,0.4,-0.03343286565249265,0.2485273415191318,68
E3,1,4.0,same_long_fast15,174,29.0,-0.39266954022988504,-0.22992085816448155,-0.1627486820654035,0.13218390804597702,0.16924910607866508,1,5,0.2,-0.08887347893559727,-0.33879914786967424,35
E1,3,4.0,same_fast30,414,69.0,-0.40441545893719805,-0.4541934736842105,0.04977801474701243,0.1280193236714976,0.11789473684210526,4,5,0.8,0.018116811502343455,0.3177888888888889,70
E1,3,4.0,same_fast15,386,64.33333333333333,-0.40914896373056997,-0.44779005964214713,0.03864109591157716,0.12694300518134716,0.11928429423459244,4,5,0.8,0.03107211535227844,0.20930394755003445,63
E1,3,4.0,same_dir,423,70.5,-0.41708747044917255,-0.44365214592274677,0.026564675473574217,0.12529550827423167,0.12017167381974249,3,5,0.6,-0.0071989803568751065,0.3021095300776622,71
E1,2,4.0,same_fast15_size60,162,27.0,-0.41960864197530856,-0.36243067173637517,-0.057177970238933395,0.12345679012345678,0.13814955640050697,2,5,0.4,-0.115498097591402,,23
E1,5,4.0,same_fast15,374,62.333333333333336,-0.43639652406417107,-0.5474921428571429,0.1110956187929718,0.12032085561497326,0.09761904761904762,2,5,0.4,0.1496176509389236,-0.042869677531206685,56
E1,5,4.0,same_fast30,401,66.83333333333333,-0.4394937655860349,-0.5519643765903308,0.1124706110042959,0.11970074812967581,0.09669211195928754,3,5,0.6,0.11581827326675348,0.10555818452380955,63
E3,1,4.0,same_long_only,192,32.0,-0.44960677083333334,-0.21303727161997563,-0.2365694992133577,0.11979166666666667,0.17295980511571254,1,5,0.2,-0.15622585029659028,-0.4472747228381375,41
E1,5,4.0,same_dir,409,68.16666666666667,-0.45045721271393646,-0.5426545454545455,0.09219733274060904,0.11735941320293398,0.0987012987012987,3,5,0.6,0.09357228513356558,0.0910668256578947,64
E1,2,4.0,same_long_fast15,177,29.5,-0.4547209039548023,-0.35329302325581396,-0.10142788069898834,0.11864406779661017,0.13953488372093023,1,5,0.2,0.00605325797872347,-0.46366554923044484,31
E1,1,4.0,same_long_fast15,158,26.333333333333332,-0.4723911392405063,-0.28263631221719454,-0.18975482702331176,0.11392405063291139,0.15610859728506787,1,5,0.2,-0.03873149838303985,-0.6610929469273743,32
E1,2,4.0,same_long_only,196,32.666666666666664,-0.5075795918367347,-0.33701827814569535,-0.17056131369103938,0.10714285714285714,0.14304635761589404,1,5,0.2,-0.06304637127578294,-0.5130505423791138,37
E1,4,4.0,same_fast15_size60,168,28.0,-0.5199577380952382,-0.3579116347569956,-0.16204610333824254,0.10119047619047619,0.13843888070692195,2,5,0.4,-0.21556549295774652,,22
E1,1,4.0,same_long_only,177,29.5,-0.5290271186440678,-0.2668791907514451,-0.2621479278926227,0.1016949152542373,0.15953757225433526,1,5,0.2,-0.11498785026124914,-0.7125585031944021,38
E1,3,4.0,same_fast15_size60,166,27.666666666666668,-0.5442036144578314,-0.40502365145228214,-0.13917996300554925,0.0963855421686747,0.12863070539419086,1,5,0.2,-0.13607264918625678,,22
E1,4,4.0,same_long_fast15,177,29.5,-0.5794898305084746,-0.3400077611940298,-0.23948206931444477,0.0903954802259887,0.1417910447761194,1,5,0.2,-0.18287156367879726,-0.36470510638297876,30
E1,4,4.0,same_long_only,195,32.5,-0.6183061538461538,-0.3217871165644172,-0.2965190372817366,0.08205128205128205,0.14570552147239263,1,5,0.2,-0.2338914790337867,-0.44541851851851844,36
E1,5,4.0,same_fast15_size60,164,27.333333333333332,-0.6265195121951219,-0.46096793650793655,-0.16555157568718537,0.07926829268292683,0.11587301587301588,2,5,0.4,-0.20732629318033174,,22
E1,3,4.0,same_long_fast15,178,29.666666666666668,-0.6380157303370787,-0.37918860759493667,-0.25882712274214204,0.07865168539325842,0.13361462728551335,0,5,0.0,-0.19949960890570279,-0.35725193693693696,30
E1,3,4.0,same_long_only,197,32.833333333333336,-0.6729279187817259,-0.3621432080924855,-0.31078471068924035,0.07106598984771574,0.13728323699421965,0,5,0.0,-0.24635510013191025,-0.4362961658841941,36
E1,5,4.0,same_long_fast15,176,29.333333333333332,-0.7082460227272727,-0.4344784789644013,-0.2737675437628714,0.0625,0.12135922330097088,0,5,0.0,-0.1788809127111945,,29
E1,5,4.0,same_long_only,194,32.333333333333336,-0.7353159793814432,-0.41751283333333333,-0.3178031460481099,0.05670103092783505,0.125,0,5,0.0,-0.22088756541965504,-0.6833032258064515,35
