n_days,n_g4,n_breaks,break_rate,n_trades,avg_r,total_r,win_rate,avg_orb_size,direction_bias,n_long,n_short,n_winter,avg_r_winter,total_r_winter,wr_winter,n_summer,avg_r_summer,total_r_summer,wr_summer,instrument,brisbane_time,bris_h,bris_m,current_session
2542,70,70,1.0000,70,0.0022,0.1549,0.3143,6.9371,0.0857,38,32,32,-0.2215,-7.0889,0.2500,38,0.1906,7.2438,0.3684,MGC,00:00,0,0,
2518,47,47,1.0000,47,0.1155,5.4262,0.3617,7.1447,-0.1064,21,26,21,-0.2857,-6.0000,0.2381,26,0.4395,11.4262,0.4615,MGC,00:15,0,15,
2546,49,49,1.0000,49,0.1590,7.7895,0.3673,7.0653,0.3061,32,17,24,0.0000,0.0000,0.3333,25,0.3116,7.7895,0.4000,MGC,00:30,0,30,0030/US_EQ(EST)
2527,52,52,1.0000,52,0.0962,5.0000,0.3654,6.3327,0.1923,31,21,19,0.1053,2.0000,0.3684,33,0.0909,3.0000,0.3636,MGC,00:45,0,45,
2561,68,68,1.0000,68,0.3381,22.9877,0.4412,6.3779,0.0588,36,32,24,0.5412,12.9877,0.5000,44,0.2273,10.0000,0.4091,MGC,01:00,1,0,
2546,62,62,1.0000,62,0.3376,20.9315,0.4355,6.5161,-0.0323,30,32,28,0.1786,5.0000,0.3929,34,0.4686,15.9315,0.4706,MGC,01:15,1,15,
2577,160,160,1.0000,160,0.2169,34.7028,0.3688,7.3056,0.0375,83,77,71,0.0551,3.9087,0.3099,89,0.3460,30.7940,0.4157,MGC,01:30,1,30,
2577,100,99,0.9900,99,0.1119,11.0779,0.3636,7.0530,0.1111,55,44,44,0.1591,7.0000,0.3864,55,0.0741,4.0779,0.3455,MGC,01:45,1,45,
2581,133,133,1.0000,133,0.1169,15.5452,0.3534,6.8977,-0.0526,63,70,46,0.1590,7.3152,0.3696,87,0.0946,8.2300,0.3448,MGC,02:00,2,0,
2578,108,107,0.9907,107,0.3169,33.9104,0.4206,6.6556,0.1215,60,47,36,0.3333,12.0000,0.4444,71,0.3086,21.9104,0.4085,MGC,02:15,2,15,
2579,121,121,1.0000,121,-0.1075,-13.0092,0.2893,6.7306,0.1405,69,52,52,0.0037,0.1899,0.3269,69,-0.1913,-13.1991,0.2609,MGC,02:30,2,30,
2577,91,91,1.0000,91,0.2860,26.0279,0.4066,7.2110,0.0769,49,42,38,0.3718,14.1296,0.4211,53,0.2245,11.8983,0.3962,MGC,02:45,2,45,
2581,162,161,0.9938,161,0.2033,32.7294,0.3727,6.7463,0.1180,90,71,47,0.1652,7.7656,0.3830,114,0.2190,24.9638,0.3684,MGC,03:00,3,0,
2580,105,105,1.0000,105,0.0590,6.1964,0.3524,6.3886,0.0095,53,52,33,0.0909,3.0000,0.3636,72,0.0444,3.1964,0.3472,MGC,03:15,3,15,
2580,130,130,1.0000,130,-0.0595,-7.7383,0.3000,6.3569,0.1231,73,57,45,-0.0164,-0.7383,0.2889,85,-0.0824,-7.0000,0.3059,MGC,03:30,3,30,
2580,125,125,1.0000,125,0.0616,7.6966,0.3360,6.0168,0.0240,64,61,44,-0.2322,-10.2173,0.2273,81,0.2212,17.9139,0.3951,MGC,03:45,3,45,
2580,165,162,0.9818,162,0.1705,27.6176,0.3457,6.9279,0.1728,95,67,75,0.0737,5.5266,0.3067,87,0.2539,22.0910,0.3793,MGC,04:00,4,0,
2581,111,111,1.0000,111,0.3942,43.7591,0.4234,6.8829,0.0811,60,51,51,0.3412,17.4037,0.4118,60,0.4393,26.3554,0.4333,MGC,04:15,4,15,
2581,103,102,0.9903,102,-0.1682,-17.1600,0.2549,7.3301,-0.0196,50,52,48,-0.1387,-6.6584,0.2500,54,-0.1945,-10.5015,0.2593,MGC,04:30,4,30,
2578,79,79,1.0000,79,-0.0703,-5.5560,0.2658,7.0759,0.0633,42,37,40,-0.0007,-0.0281,0.2750,39,-0.1417,-5.5280,0.2564,MGC,04:45,4,45,
2580,133,133,1.0000,133,0.0584,7.7691,0.3008,6.5526,0.0226,68,65,60,0.1976,11.8567,0.3167,73,-0.0560,-4.0876,0.2877,MGC,05:00,5,0,
2581,96,96,1.0000,96,0.0079,0.7614,0.2812,6.8740,-0.1042,43,53,46,0.1998,9.1889,0.3043,50,-0.1686,-8.4275,0.2600,MGC,05:15,5,15,
2579,122,121,0.9918,121,-0.0111,-1.3476,0.2893,6.5156,-0.1736,50,71,40,-0.2431,-9.7230,0.2000,81,0.1034,8.3753,0.3333,MGC,05:30,5,30,
2578,87,87,1.0000,87,0.3051,26.5424,0.3908,6.9253,0.1034,48,39,37,0.1737,6.4280,0.3243,50,0.4023,20.1144,0.4400,MGC,05:45,5,45,
2580,113,113,1.0000,113,0.0341,3.8478,0.3009,6.2425,0.0088,57,56,49,-0.1485,-7.2778,0.2449,64,0.1738,11.1256,0.3438,MGC,06:00,6,0,
2580,84,84,1.0000,84,0.1619,13.5982,0.3333,6.2857,0.0238,43,41,31,-0.0996,-3.0863,0.2903,53,0.3148,16.6845,0.3585,MGC,06:15,6,15,
2580,101,101,1.0000,101,-0.2083,-21.0370,0.2079,6.5842,0.1089,56,45,57,-0.3816,-21.7484,0.1579,44,0.0162,0.7114,0.2727,MGC,06:30,6,30,
2577,64,64,1.0000,64,0.3940,25.2141,0.3906,6.6156,-0.1875,26,38,24,0.3022,7.2538,0.3750,40,0.4490,17.9603,0.4000,MGC,06:45,6,45,
2580,108,107,0.9907,107,0.2407,25.7600,0.2991,7.0972,0.2150,65,42,34,0.2297,7.8084,0.2647,73,0.2459,17.9515,0.3151,MGC,07:00,7,0,
2580,85,84,0.9882,84,0.0661,5.5484,0.3214,6.9000,0.0238,43,41,28,0.0878,2.4579,0.3214,56,0.0552,3.0905,0.3214,MGC,07:15,7,15,
2580,107,105,0.9813,105,0.0779,8.1843,0.2381,6.4103,0.1238,59,46,38,-0.1713,-6.5096,0.1579,67,0.2193,14.6939,0.2836,MGC,07:30,7,30,
2580,114,113,0.9912,113,-0.0456,-5.1554,0.2124,6.4430,-0.0265,55,58,43,-0.1526,-6.5613,0.1860,70,0.0201,1.4059,0.2286,MGC,07:45,7,45,
2581,178,174,0.9775,174,0.1064,18.5211,0.1954,6.3567,0.0575,92,82,51,-0.0453,-2.3122,0.1176,123,0.1694,20.8333,0.2276,MGC,08:00,8,0,CME_OPEN(CDT)
2581,191,185,0.9686,185,0.0253,4.6791,0.1189,6.0461,0.0811,100,85,40,-0.0308,-1.2320,0.0500,145,0.0408,5.9111,0.1379,MGC,08:15,8,15,
2581,582,468,0.8041,468,0.0148,6.9209,0.0427,7.9074,0.0598,248,220,38,0.1100,4.1814,0.1316,430,0.0064,2.7395,0.0349,MGC,08:30,8,30,
2580,271,186,0.6863,186,-0.0471,-8.7697,0.0108,6.4166,0.0000,93,93,30,0.0286,0.8572,0.0000,156,-0.0617,-9.6269,0.0128,MGC,08:45,8,45,
2581,439,439,1.0000,439,0.0755,33.1519,0.3303,6.4408,-0.0023,219,220,125,0.0485,6.0595,0.3360,314,0.0863,27.0924,0.3280,MGC,09:00,9,0,0900/CME_OPEN(CST)
2581,319,319,1.0000,319,-0.0252,-8.0411,0.2947,6.1737,-0.0031,159,160,105,0.1954,20.5143,0.3714,214,-0.1334,-28.5553,0.2570,MGC,09:15,9,15,
2582,690,687,0.9957,687,0.1643,112.8929,0.3071,7.1716,-0.0015,343,344,274,0.1403,38.4558,0.2774,413,0.1802,74.4371,0.3269,MGC,09:30,9,30,
2581,508,508,1.0000,508,0.1059,53.7915,0.3150,6.4256,0.0039,255,253,140,0.0280,3.9168,0.3357,368,0.1355,49.8747,0.3071,MGC,09:45,9,45,
2582,614,612,0.9967,612,0.0935,57.2174,0.2794,6.8814,0.0588,324,288,127,0.1499,19.0406,0.3701,485,0.0787,38.1768,0.2557,MGC,10:00,10,0,1000
2581,385,385,1.0000,385,0.0829,31.9115,0.3065,6.2652,0.1065,213,172,112,0.1598,17.8972,0.3571,273,0.0513,14.0142,0.2857,MGC,10:15,10,15,
2581,463,462,0.9978,462,0.0481,22.2339,0.2814,6.8737,0.0173,235,227,206,0.0403,8.2932,0.2816,256,0.0545,13.9406,0.2812,MGC,10:30,10,30,
2581,403,402,0.9975,402,0.0648,26.0348,0.2761,6.7429,0.0149,204,198,196,-0.0311,-6.0970,0.2398,206,0.1560,32.1318,0.3107,MGC,10:45,10,45,
2581,450,449,0.9978,449,0.0733,32.8969,0.2584,7.0591,0.0690,240,209,245,0.0987,24.1696,0.2449,204,0.0428,8.7272,0.2745,MGC,11:00,11,0,1100
2581,259,259,1.0000,259,0.0703,18.2032,0.3050,7.3317,0.0425,135,124,121,0.1345,16.2764,0.3306,138,0.0140,1.9267,0.2826,MGC,11:15,11,15,
2581,250,250,1.0000,250,-0.0080,-2.0050,0.2760,7.4668,0.1520,144,106,129,-0.0874,-11.2788,0.2481,121,0.0766,9.2738,0.3058,MGC,11:30,11,30,1130
2580,196,196,1.0000,196,0.0670,13.1307,0.2959,6.9612,0.0102,99,97,103,0.2275,23.4320,0.3592,93,-0.1108,-10.3013,0.2258,MGC,11:45,11,45,
2580,215,215,1.0000,215,-0.0162,-3.4904,0.2651,7.1740,0.1535,124,91,113,-0.0292,-3.3012,0.2389,102,-0.0019,-0.1892,0.2941,MGC,12:00,12,0,
2580,155,154,0.9935,154,0.0713,10.9830,0.2922,7.5665,0.0260,79,75,82,0.0302,2.4804,0.2683,72,0.1181,8.5027,0.3194,MGC,12:15,12,15,
2581,139,138,0.9928,138,0.0188,2.5981,0.2899,7.4468,-0.0435,66,72,72,-0.1475,-10.6216,0.2361,66,0.2003,13.2197,0.3485,MGC,12:30,12,30,
2581,149,147,0.9866,147,0.0549,8.0650,0.2925,6.9872,0.1020,81,66,80,-0.0448,-3.5806,0.2750,67,0.1738,11.6457,0.3134,MGC,12:45,12,45,
2560,149,147,0.9866,147,0.1482,21.7904,0.3061,7.0812,-0.1565,62,85,71,0.0853,6.0541,0.3239,76,0.2071,15.7363,0.2895,MGC,13:00,13,0,
2559,131,130,0.9924,130,-0.1372,-17.8315,0.2538,7.0786,0.0769,70,60,70,-0.2321,-16.2442,0.2286,60,-0.0265,-1.5873,0.2833,MGC,13:15,13,15,
2557,140,140,1.0000,140,0.1993,27.9022,0.3571,7.1071,0.1571,81,59,60,0.0266,1.5945,0.3000,80,0.3288,26.3077,0.4000,MGC,13:30,13,30,
2554,99,99,1.0000,99,0.0813,8.0490,0.3030,6.7586,0.1111,55,44,56,0.1418,7.9397,0.3393,43,0.0025,0.1093,0.2558,MGC,13:45,13,45,
2539,182,175,0.9615,175,0.2477,43.3543,0.3029,8.2687,0.0971,96,79,59,0.0042,0.2475,0.2712,116,0.3716,43.1068,0.3190,MGC,14:00,14,0,
2533,110,109,0.9909,109,-0.0404,-4.4022,0.2752,7.1436,-0.0275,53,56,44,-0.0157,-0.6895,0.2955,65,-0.0571,-3.7127,0.2615,MGC,14:15,14,15,
2520,147,147,1.0000,147,0.1528,22.4579,0.3197,7.8170,0.0204,75,72,72,-0.0891,-6.4177,0.2361,75,0.3850,28.8756,0.4000,MGC,14:30,14,30,
2505,111,111,1.0000,111,0.0738,8.1877,0.3063,6.7477,0.0811,60,51,41,-0.0721,-2.9561,0.2683,70,0.1592,11.1438,0.3286,MGC,14:45,14,45,
2510,160,158,0.9875,158,0.1898,29.9904,0.2975,7.7069,0.0759,85,73,79,0.0146,1.1550,0.2278,79,0.3650,28.8354,0.3671,MGC,15:00,15,0,
2502,107,107,1.0000,107,0.2285,24.4444,0.3271,6.5981,0.0093,54,53,49,0.0462,2.2621,0.2857,58,0.3825,22.1823,0.3621,MGC,15:15,15,15,
2494,105,105,1.0000,105,-0.0046,-0.4851,0.2667,7.2038,0.2381,65,40,53,-0.1227,-6.5006,0.2453,52,0.1157,6.0155,0.2885,MGC,15:30,15,30,
2498,84,83,0.9881,83,-0.1159,-9.6185,0.2530,7.3060,0.0120,42,41,40,0.0982,3.9266,0.3250,43,-0.3150,-13.5450,0.1860,MGC,15:45,15,45,
2490,99,98,0.9899,98,0.1337,13.1067,0.3061,7.9828,0.1224,55,43,58,0.2272,13.1750,0.3621,40,-0.0017,-0.0683,0.2250,MGC,16:00,16,0,
2396,60,59,0.9833,59,-0.1280,-7.5540,0.2542,7.9317,0.0508,31,28,42,-0.0454,-1.9048,0.2857,17,-0.3323,-5.6492,0.1765,MGC,16:15,16,15,
2417,75,74,0.9867,74,0.2064,15.2758,0.3108,7.2760,0.1622,43,31,47,-0.0308,-1.4474,0.2553,27,0.6194,16.7232,0.4074,MGC,16:30,16,30,
2459,61,59,0.9672,59,-0.1822,-10.7477,0.2373,7.5803,-0.0169,29,30,38,-0.1676,-6.3699,0.2368,21,-0.2085,-4.3778,0.2381,MGC,16:45,16,45,
841,36,35,0.9722,35,0.3250,11.3763,0.3714,7.9139,0.2000,21,14,35,0.3250,11.3763,0.3714,0,,0.0000,,MGC,17:00,17,0,LONDON(BST)
791,20,18,0.9000,18,0.0270,0.4863,0.2778,8.0700,0.0000,9,9,18,0.0270,0.4863,0.2778,0,,0.0000,,MGC,17:15,17,15,
801,15,15,1.0000,15,0.2946,4.4194,0.4000,8.5000,0.0667,8,7,15,0.2946,4.4194,0.4000,0,,0.0000,,MGC,17:30,17,30,
800,15,15,1.0000,15,-0.0481,-0.7216,0.2667,8.6667,-0.0667,7,8,15,-0.0481,-0.7216,0.2667,0,,0.0000,,MGC,17:45,17,45,
1674,221,213,0.9638,213,0.1393,29.6661,0.2629,9.5498,-0.0610,100,113,0,,0.0000,,213,0.1393,29.6661,0.2629,MGC,18:00,18,0,1800/LONDON(GMT)
1521,66,66,1.0000,66,0.2132,14.0726,0.3636,8.3227,-0.1212,29,37,0,,0.0000,,66,0.2132,14.0726,0.3636,MGC,18:15,18,15,
1562,56,56,1.0000,56,0.1786,10.0039,0.3750,7.0964,0.1071,31,25,0,,0.0000,,56,0.1786,10.0039,0.3750,MGC,18:30,18,30,
1517,40,40,1.0000,40,0.1424,5.6972,0.3750,6.7375,0.0500,21,19,0,,0.0000,,40,0.1424,5.6972,0.3750,MGC,18:45,18,45,
2498,185,182,0.9838,182,0.4443,80.8683,0.3956,9.6411,0.1648,106,76,124,0.4261,52.8359,0.3548,58,0.4833,28.0324,0.4828,MGC,19:00,19,0,
2408,92,92,1.0000,92,0.1126,10.3583,0.3261,8.5826,-0.0652,43,49,46,0.4420,20.3300,0.4130,46,-0.2168,-9.9717,0.2391,MGC,19:15,19,15,
2462,91,91,1.0000,91,0.4342,39.5102,0.4505,7.5330,0.0330,47,44,47,0.5801,27.2653,0.4894,44,0.2783,12.2449,0.4091,MGC,19:30,19,30,
2496,84,84,1.0000,84,-0.1721,-14.4544,0.2619,8.1262,0.2143,51,33,41,-0.0239,-0.9800,0.3171,43,-0.3134,-13.4744,0.2093,MGC,19:45,19,45,
2580,146,146,1.0000,146,0.2655,38.7685,0.4041,7.5527,0.0685,78,68,51,0.1765,9.0000,0.3922,95,0.3134,29.7685,0.4105,MGC,20:00,20,0,
2569,91,90,0.9890,90,0.1234,11.1028,0.3556,7.5703,0.0222,46,44,37,0.0450,1.6667,0.3243,53,0.1780,9.4361,0.3774,MGC,20:15,20,15,
2557,101,101,1.0000,101,0.3134,31.6582,0.4059,7.3624,-0.0891,46,55,34,0.2152,7.3164,0.3824,67,0.3633,24.3418,0.4179,MGC,20:30,20,30,
2560,97,97,1.0000,97,0.1443,14.0000,0.3814,7.3175,0.0309,50,47,38,0.1053,4.0000,0.3684,59,0.1695,10.0000,0.3898,MGC,20:45,20,45,
2581,362,358,0.9890,358,0.1983,70.9814,0.3492,7.8782,0.0279,184,174,131,0.1088,14.2553,0.3282,227,0.2499,56.7261,0.3612,MGC,21:00,21,0,
2580,189,188,0.9947,188,0.0937,17.6155,0.3351,7.0503,0.0638,100,88,75,-0.1167,-8.7560,0.2533,113,0.2334,26.3715,0.3894,MGC,21:15,21,15,
2580,180,178,0.9889,178,0.1619,28.8226,0.3764,6.9983,0.0787,96,82,72,0.1455,10.4740,0.3750,106,0.1731,18.3487,0.3774,MGC,21:30,21,30,
2576,132,132,1.0000,132,0.0555,7.3214,0.3333,7.1098,-0.0758,61,71,54,-0.2250,-12.1508,0.2407,78,0.2496,19.4722,0.3974,MGC,21:45,21,45,
2576,159,158,0.9937,158,0.1099,17.3574,0.3544,7.3164,0.1139,88,70,66,-0.1364,-9.0000,0.2879,92,0.2865,26.3574,0.4022,MGC,22:00,22,0,
2574,92,92,1.0000,92,0.0422,3.8865,0.3370,7.2967,-0.0652,43,49,40,-0.3022,-12.0897,0.2250,52,0.3072,15.9762,0.4231,MGC,22:15,22,15,
2575,144,143,0.9931,143,0.1735,24.8067,0.3776,6.9458,0.0629,76,67,70,0.1510,10.5708,0.3714,73,0.1950,14.2359,0.3836,MGC,22:30,22,30,US_DATA(EDT)
2567,107,107,1.0000,107,0.3344,35.7794,0.4393,6.8570,-0.1402,46,61,48,0.6940,33.3143,0.5625,59,0.0418,2.4651,0.3390,MGC,22:45,22,45,
2569,106,106,1.0000,106,0.1227,13.0041,0.3491,7.0283,0.1132,59,47,52,0.0861,4.4754,0.3462,54,0.1579,8.5287,0.3519,MGC,23:00,23,0,2300
2566,93,93,1.0000,93,-0.1150,-10.6957,0.2903,7.0237,0.1613,54,39,43,-0.0233,-1.0000,0.3256,50,-0.1939,-9.6957,0.2600,MGC,23:15,23,15,
2560,76,76,1.0000,76,0.0761,5.7800,0.3553,6.6829,0.1842,45,31,40,0.1445,5.7800,0.3750,36,0.0000,0.0000,0.3333,MGC,23:30,23,30,US_DATA(EST)/US_EQ(EDT)
2536,54,54,1.0000,54,0.2222,12.0000,0.4074,6.9204,-0.1111,24,30,27,0.1111,3.0000,0.3704,27,0.3333,9.0000,0.4444,MGC,23:45,23,45,
515,438,438,1.0000,438,0.1027,45.0000,0.3676,10.8938,0.0320,226,212,161,0.0248,4.0000,0.3416,277,0.1480,41.0000,0.3827,MNQ,00:00,0,0,
515,407,407,1.0000,407,0.1572,64.0000,0.3857,10.2740,0.0713,218,189,144,0.1042,15.0000,0.3681,263,0.1863,49.0000,0.3954,MNQ,00:15,0,15,
515,434,434,1.0000,434,0.1406,61.0000,0.3802,9.8952,-0.0184,213,221,147,-0.0204,-3.0000,0.3265,287,0.2230,64.0000,0.4077,MNQ,00:30,0,30,0030/US_EQ(EST)
515,408,408,1.0000,408,0.1324,54.0000,0.3775,9.1011,0.0931,223,185,145,0.2828,41.0000,0.4276,263,0.0494,13.0000,0.3498,MNQ,00:45,0,45,
515,466,465,0.9979,465,0.1604,74.5640,0.3849,11.5451,0.0108,235,230,160,0.2910,46.5640,0.4250,305,0.0918,28.0000,0.3639,MNQ,01:00,1,0,
515,448,448,1.0000,448,0.1853,83.0000,0.3951,10.4258,0.0268,230,218,151,0.1722,26.0000,0.3907,297,0.1919,57.0000,0.3973,MNQ,01:15,1,15,
515,467,467,1.0000,467,0.1884,88.0000,0.3961,11.9706,0.0364,242,225,162,0.2037,33.0000,0.4012,305,0.1803,55.0000,0.3934,MNQ,01:30,1,30,
515,458,458,1.0000,458,0.2380,109.0000,0.4127,10.9798,-0.0437,219,239,154,0.2468,38.0000,0.4156,304,0.2336,71.0000,0.4112,MNQ,01:45,1,45,
515,508,508,1.0000,508,0.1238,62.9138,0.3701,14.1309,0.0945,278,230,171,0.1302,22.2724,0.3743,337,0.1206,40.6415,0.3680,MNQ,02:00,2,0,
515,485,485,1.0000,485,0.0767,37.1762,0.3588,12.0727,0.0887,264,221,160,-0.0239,-3.8238,0.3250,325,0.1262,41.0000,0.3754,MNQ,02:15,2,15,
515,496,496,1.0000,496,0.1217,60.3455,0.3730,13.1719,0.0524,261,235,171,0.1131,19.3455,0.3684,325,0.1262,41.0000,0.3754,MNQ,02:30,2,30,
515,489,489,1.0000,489,0.0634,31.0214,0.3538,11.9949,-0.0920,222,267,169,-0.0237,-4.0000,0.3254,320,0.1094,35.0214,0.3688,MNQ,02:45,2,45,
515,512,512,1.0000,512,0.0794,40.6387,0.3555,19.1387,0.0352,265,247,176,0.1932,34.0000,0.3977,336,0.0198,6.6387,0.3333,MNQ,03:00,3,0,
515,512,512,1.0000,512,0.1154,59.0884,0.3672,15.6392,0.0781,276,236,175,0.1657,29.0000,0.3886,337,0.0893,30.0884,0.3561,MNQ,03:15,3,15,
515,510,510,1.0000,510,0.0134,6.8096,0.3314,15.9020,0.0275,262,248,174,0.0172,3.0000,0.3391,336,0.0113,3.8096,0.3274,MNQ,03:30,3,30,
515,509,509,1.0000,509,0.0599,30.5097,0.3517,14.1297,-0.0020,254,255,173,0.0925,16.0000,0.3642,336,0.0432,14.5097,0.3452,MNQ,03:45,3,45,
515,514,514,1.0000,514,0.1991,102.3181,0.3872,21.2904,0.0117,260,254,177,0.1815,32.1189,0.3842,337,0.2083,70.1992,0.3887,MNQ,04:00,4,0,
515,511,511,1.0000,511,0.1967,100.5077,0.3933,17.0020,0.1076,283,228,177,0.1651,29.2212,0.3785,334,0.2134,71.2866,0.4012,MNQ,04:15,4,15,
515,514,514,1.0000,514,0.1150,59.1073,0.3638,16.9227,0.0428,268,246,176,0.0852,15.0024,0.3466,338,0.1305,44.1049,0.3728,MNQ,04:30,4,30,
515,508,508,1.0000,508,0.1031,52.3711,0.3602,14.4582,-0.0236,248,260,176,0.1414,24.8882,0.3693,332,0.0828,27.4830,0.3554,MNQ,04:45,4,45,
515,510,510,1.0000,510,-0.0010,-0.5240,0.3059,17.5799,0.1569,295,215,177,0.0872,15.4401,0.3051,333,-0.0479,-15.9640,0.3063,MNQ,05:00,5,0,
515,509,509,1.0000,509,0.0909,46.2450,0.3536,14.2471,-0.0334,246,263,177,0.1340,23.7112,0.3672,332,0.0679,22.5338,0.3464,MNQ,05:15,5,15,
515,505,505,1.0000,505,0.1131,57.0966,0.3604,14.2020,0.0931,276,229,176,0.2307,40.5952,0.3920,329,0.0502,16.5014,0.3435,MNQ,05:30,5,30,
515,505,505,1.0000,505,0.0822,41.4874,0.3564,12.7475,0.0891,275,230,173,0.1099,19.0186,0.3584,332,0.0677,22.4688,0.3554,MNQ,05:45,5,45,
515,512,512,1.0000,512,0.1350,69.1313,0.3574,15.4795,0.0000,256,256,177,0.1786,31.6076,0.3785,335,0.1120,37.5237,0.3463,MNQ,06:00,6,0,
515,506,506,1.0000,506,0.1706,86.3354,0.3794,13.1912,0.0711,271,235,176,0.1391,24.4728,0.3580,330,0.1875,61.8626,0.3909,MNQ,06:15,6,15,
515,511,511,1.0000,511,0.0035,1.8113,0.3170,14.5934,0.0724,274,237,176,-0.0731,-12.8665,0.2955,335,0.0438,14.6778,0.3284,MNQ,06:30,6,30,
515,505,505,1.0000,505,-0.0320,-16.1410,0.3188,12.6926,0.0851,274,231,174,-0.1721,-29.9413,0.2701,331,0.0417,13.8003,0.3444,MNQ,06:45,6,45,
515,511,511,1.0000,511,0.0894,45.6682,0.3307,17.6443,0.1115,284,227,176,0.0582,10.2463,0.3182,335,0.1057,35.4219,0.3373,MNQ,07:00,7,0,
515,508,508,1.0000,508,0.0617,31.3259,0.3268,13.9843,0.1024,280,228,176,-0.0845,-14.8781,0.2727,332,0.1392,46.2040,0.3554,MNQ,07:15,7,15,
515,510,509,0.9980,509,0.0238,12.1203,0.3104,15.1985,0.0609,270,239,175,0.0862,15.0763,0.3200,334,-0.0089,-2.9560,0.3054,MNQ,07:30,7,30,
515,509,509,1.0000,509,0.1652,84.0948,0.3458,14.5398,0.0216,260,249,176,0.3305,58.1623,0.3920,333,0.0779,25.9326,0.3213,MNQ,07:45,7,45,
515,511,507,0.9922,507,0.0299,15.1425,0.2406,18.7549,0.1321,287,220,173,0.0740,12.7996,0.1618,334,0.0070,2.3428,0.2814,MNQ,08:00,8,0,CME_OPEN(CDT)
515,510,509,0.9980,509,0.0224,11.4204,0.2299,15.8328,-0.0138,251,258,175,-0.0332,-5.8072,0.1600,334,0.0516,17.2276,0.2665,MNQ,08:15,8,15,
515,513,460,0.8967,460,0.0913,41.9782,0.1174,32.2169,0.0043,231,229,169,-0.0520,-8.7798,0.1124,291,0.1744,50.7580,0.1203,MNQ,08:30,8,30,
515,512,428,0.8359,428,0.0304,12.9943,0.0350,18.7974,0.0327,221,207,152,-0.0111,-1.6841,0.0395,276,0.0532,14.6784,0.0326,MNQ,08:45,8,45,
515,514,514,1.0000,514,0.0156,8.0000,0.3385,19.5238,0.0661,274,240,177,0.1525,27.0000,0.3842,337,-0.0564,-19.0000,0.3145,MNQ,09:00,9,0,0900/CME_OPEN(CST)
515,514,514,1.0000,514,0.1130,58.0633,0.3696,16.6522,0.0000,257,257,177,0.1017,18.0000,0.3672,337,0.1189,40.0633,0.3709,MNQ,09:15,9,15,
516,516,516,1.0000,516,0.0773,39.9112,0.3256,52.7088,-0.0504,245,271,178,-0.0164,-2.9256,0.3034,338,0.1267,42.8368,0.3373,MNQ,09:30,9,30,
516,516,516,1.0000,516,0.1100,56.7675,0.3488,38.6856,0.0465,270,246,178,-0.0562,-10.0000,0.3146,338,0.1975,66.7675,0.3669,MNQ,09:45,9,45,
516,516,516,1.0000,516,0.2085,107.6112,0.3857,40.2234,0.0736,277,239,178,0.2135,38.0000,0.4045,338,0.2060,69.6112,0.3757,MNQ,10:00,10,0,1000
516,514,514,1.0000,514,0.1932,99.3146,0.3852,31.2622,-0.0078,255,259,177,0.2829,50.0651,0.4237,337,0.1461,49.2494,0.3650,MNQ,10:15,10,15,
515,515,515,1.0000,515,0.1567,80.6763,0.3631,47.1049,0.0252,264,251,177,0.2459,43.5281,0.3729,338,0.1099,37.1482,0.3580,MNQ,10:30,10,30,
515,515,515,1.0000,515,0.1849,95.2018,0.3845,40.6160,-0.0641,241,274,177,0.3265,57.7892,0.4237,338,0.1107,37.4125,0.3639,MNQ,10:45,10,45,
515,515,515,1.0000,515,0.0128,6.5913,0.3146,40.7811,0.0524,271,244,177,-0.1667,-29.4976,0.2429,338,0.1068,36.0890,0.3521,MNQ,11:00,11,0,1100
515,515,515,1.0000,515,0.1711,88.1391,0.3845,33.4010,0.0408,268,247,177,0.1008,17.8416,0.3616,338,0.2080,70.2975,0.3964,MNQ,11:15,11,15,
515,515,515,1.0000,515,0.1230,63.3492,0.3631,32.9646,0.1146,287,228,177,0.1344,23.7824,0.3672,338,0.1171,39.5668,0.3609,MNQ,11:30,11,30,1130
515,514,514,1.0000,514,0.0534,27.4636,0.3424,30.8959,0.0584,272,242,177,0.0680,12.0375,0.3446,337,0.0458,15.4261,0.3412,MNQ,11:45,11,45,
515,513,513,1.0000,513,0.0501,25.6824,0.3450,30.5814,0.1189,287,226,177,0.1774,31.4076,0.3842,336,-0.0170,-5.7252,0.3244,MNQ,12:00,12,0,
515,515,515,1.0000,515,0.1132,58.3031,0.3650,27.2092,0.0874,280,235,177,0.1114,19.7260,0.3672,338,0.1141,38.5772,0.3639,MNQ,12:15,12,15,
515,515,515,1.0000,515,0.0622,32.0511,0.3456,27.7597,0.0097,260,255,177,-0.1231,-21.7895,0.2881,338,0.1593,53.8406,0.3757,MNQ,12:30,12,30,
515,514,512,0.9961,512,0.2019,103.3927,0.3887,26.7656,0.1367,291,221,177,0.1516,26.8385,0.3672,335,0.2285,76.5542,0.4000,MNQ,12:45,12,45,
507,506,505,0.9980,505,0.0377,19.0432,0.3347,29.2307,0.0416,263,242,176,-0.0174,-3.0644,0.3182,329,0.0672,22.1076,0.3435,MNQ,13:00,13,0,
505,504,504,1.0000,504,0.0762,38.4136,0.3532,26.4995,0.1190,282,222,176,0.1250,22.0000,0.3750,328,0.0500,16.4136,0.3415,MNQ,13:15,13,15,
505,505,505,1.0000,505,0.1271,64.1705,0.3663,26.6589,0.0733,271,234,177,0.0476,8.4297,0.3446,328,0.1699,55.7408,0.3780,MNQ,13:30,13,30,
505,505,502,0.9941,502,0.1645,82.5878,0.3805,25.3599,0.1235,282,220,174,0.1642,28.5698,0.3851,328,0.1647,54.0180,0.3780,MNQ,13:45,13,45,
499,499,497,0.9960,497,0.0664,33.0095,0.3260,30.0496,0.1147,277,220,169,-0.0012,-0.2091,0.3136,328,0.1013,33.2185,0.3323,MNQ,14:00,14,0,
495,495,495,1.0000,495,-0.0087,-4.2833,0.3192,25.4313,0.0545,261,234,167,0.0419,7.0000,0.3473,328,-0.0344,-11.2833,0.3049,MNQ,14:15,14,15,
495,495,495,1.0000,495,0.0751,37.1862,0.3414,25.8444,0.0586,262,233,167,0.1743,29.1141,0.3832,328,0.0246,8.0721,0.3201,MNQ,14:30,14,30,
495,495,495,1.0000,495,-0.0177,-8.7400,0.3152,24.3015,0.0101,250,245,167,-0.1104,-18.4373,0.2874,328,0.0296,9.6973,0.3293,MNQ,14:45,14,45,
495,495,495,1.0000,495,0.0959,47.4539,0.3414,28.4071,0.0101,250,245,167,0.1212,20.2442,0.3653,328,0.0830,27.2097,0.3293,MNQ,15:00,15,0,
495,495,495,1.0000,495,0.0573,28.3857,0.3232,24.5298,0.1030,273,222,167,0.0801,13.3748,0.3353,328,0.0458,15.0109,0.3171,MNQ,15:15,15,15,
495,495,495,1.0000,495,0.0748,37.0394,0.3273,26.8793,-0.0020,247,248,167,0.1788,29.8574,0.3713,328,0.0219,7.1820,0.3049,MNQ,15:30,15,30,
495,495,495,1.0000,495,0.2181,107.9531,0.3677,26.5263,0.1273,279,216,167,0.0908,15.1715,0.3533,328,0.2829,92.7816,0.3750,MNQ,15:45,15,45,
495,495,480,0.9697,480,0.0988,47.4139,0.2583,32.0854,0.0500,252,228,167,0.0430,7.1819,0.2874,313,0.1285,40.2320,0.2428,MNQ,16:00,16,0,
495,489,485,0.9918,485,0.0243,11.7698,0.3072,19.3476,-0.0474,231,254,167,0.0373,6.2274,0.3234,318,0.0174,5.5424,0.2987,MNQ,16:15,16,15,
494,460,458,0.9957,458,0.1294,59.2673,0.3297,18.7027,0.0524,241,217,167,0.2775,46.3373,0.3832,291,0.0444,12.9300,0.2990,MNQ,16:30,16,30,
495,475,465,0.9789,465,0.1487,69.1512,0.3226,16.7911,0.0323,240,225,166,0.2285,37.9314,0.3373,299,0.1044,31.2198,0.3144,MNQ,16:45,16,45,
167,167,159,0.9521,159,-0.0909,-14.4542,0.1950,32.8159,-0.0440,76,83,159,-0.0909,-14.4542,0.1950,0,,0.0000,,MNQ,17:00,17,0,LONDON(BST)
167,167,163,0.9760,163,-0.2313,-37.6938,0.1902,18.5419,0.0675,87,76,163,-0.2313,-37.6938,0.1902,0,,0.0000,,MNQ,17:15,17,15,
167,158,154,0.9747,154,-0.1862,-28.6742,0.2143,13.8703,-0.0390,74,80,154,-0.1862,-28.6742,0.2143,0,,0.0000,,MNQ,17:30,17,30,
167,156,150,0.9615,150,0.0344,5.1664,0.2933,11.2933,0.1200,84,66,150,0.0344,5.1664,0.2933,0,,0.0000,,MNQ,17:45,17,45,
337,337,334,0.9911,334,0.1736,57.9814,0.3174,34.6335,0.0778,180,154,0,,0.0000,,334,0.1736,57.9814,0.3174,MNQ,18:00,18,0,1800/LONDON(GMT)
338,321,321,1.0000,321,0.1121,35.9964,0.3645,14.9704,0.0343,166,155,0,,0.0000,,321,0.1121,35.9964,0.3645,MNQ,18:15,18,15,
338,318,318,1.0000,318,0.1030,32.7590,0.3648,13.7020,0.0440,166,152,0,,0.0000,,318,0.1030,32.7590,0.3648,MNQ,18:30,18,30,
338,302,302,1.0000,302,0.1661,50.1739,0.3907,11.2028,0.0132,153,149,0,,0.0000,,302,0.1661,50.1739,0.3907,MNQ,18:45,18,45,
516,497,495,0.9960,495,0.0337,16.6941,0.3131,21.9492,0.0141,251,244,176,0.0644,11.3322,0.2727,319,0.0168,5.3619,0.3354,MNQ,19:00,19,0,
516,466,466,1.0000,466,0.1443,67.2556,0.3798,13.6341,0.0343,241,225,172,0.1810,31.1364,0.3895,294,0.1229,36.1192,0.3741,MNQ,19:15,19,15,
516,478,477,0.9979,477,0.0629,30.0000,0.3543,13.2767,-0.0147,235,242,174,-0.1207,-21.0000,0.2931,303,0.1683,51.0000,0.3894,MNQ,19:30,19,30,
516,483,483,1.0000,483,0.0497,24.0000,0.3499,12.8732,-0.0311,234,249,173,0.1272,22.0000,0.3757,310,0.0065,2.0000,0.3355,MNQ,19:45,19,45,
516,512,512,1.0000,512,0.1611,82.4697,0.3789,18.5742,-0.0703,238,274,177,0.2880,50.9774,0.4181,335,0.0940,31.4923,0.3582,MNQ,20:00,20,0,
516,502,502,1.0000,502,0.3049,153.0503,0.4303,15.2186,0.0558,265,237,174,0.2266,39.4362,0.4080,328,0.3464,113.6141,0.4421,MNQ,20:15,20,15,
516,492,492,1.0000,492,0.0973,47.8491,0.3638,13.5457,0.0488,258,234,175,0.0019,0.3390,0.3314,317,0.1499,47.5102,0.3817,MNQ,20:30,20,30,
516,480,479,0.9979,479,0.1187,56.8631,0.3716,13.1391,0.0480,251,228,167,0.2096,35.0000,0.4012,312,0.0701,21.8631,0.3558,MNQ,20:45,20,45,
516,501,501,1.0000,501,0.1776,88.9921,0.3872,15.1302,0.0579,265,236,176,0.4153,73.0947,0.4602,325,0.0489,15.8974,0.3477,MNQ,21:00,21,0,
516,493,493,1.0000,493,0.1100,54.2530,0.3671,12.9843,0.0629,262,231,176,0.1250,22.0000,0.3750,317,0.1017,32.2530,0.3628,MNQ,21:15,21,15,
516,504,504,1.0000,504,0.1247,62.8332,0.3730,13.8125,0.1032,278,226,176,0.1913,33.6724,0.3920,328,0.0889,29.1608,0.3628,MNQ,21:30,21,30,
516,490,490,1.0000,490,0.0821,40.2484,0.3592,12.2464,0.0122,248,242,168,0.1027,17.2484,0.3631,322,0.0714,23.0000,0.3571,MNQ,21:45,21,45,
516,493,493,1.0000,493,0.1847,91.0435,0.3935,12.3727,-0.0101,244,249,172,0.0640,11.0000,0.3547,321,0.2494,80.0435,0.4143,MNQ,22:00,22,0,
516,476,476,1.0000,476,0.1307,62.2044,0.3739,11.5063,0.0630,253,223,171,0.1515,25.9145,0.3801,305,0.1190,36.2899,0.3705,MNQ,22:15,22,15,
516,469,468,0.9979,468,0.1154,54.0000,0.3718,11.1002,0.0427,244,224,161,0.1553,25.0000,0.3851,307,0.0945,29.0000,0.3648,MNQ,22:30,22,30,US_DATA(EDT)
515,438,438,1.0000,438,0.2808,123.0000,0.4269,10.3487,0.0959,240,198,156,0.1731,27.0000,0.3910,282,0.3404,96.0000,0.4468,MNQ,22:45,22,45,
515,455,455,1.0000,455,0.0837,38.0949,0.3604,11.4121,0.0374,236,219,163,-0.0429,-7.0000,0.3190,292,0.1544,45.0949,0.3836,MNQ,23:00,23,0,2300
515,447,447,1.0000,447,0.1879,84.0000,0.3960,10.7254,-0.0917,203,244,159,0.1509,24.0000,0.3836,288,0.2083,60.0000,0.4028,MNQ,23:15,23,15,
515,461,461,1.0000,461,0.1649,76.0000,0.3883,10.7050,-0.0412,221,240,164,0.1707,28.0000,0.3902,297,0.1616,48.0000,0.3872,MNQ,23:30,23,30,US_DATA(EST)/US_EQ(EDT)
515,437,437,1.0000,437,0.0023,1.0000,0.3341,10.3312,0.0297,225,212,153,0.2549,39.0000,0.4183,284,-0.1338,-38.0000,0.2887,MNQ,23:45,23,45,
513,47,47,1.0000,47,-0.1064,-5.0000,0.2979,6.8989,-0.3191,16,31,20,0.0500,1.0000,0.3500,27,-0.2222,-6.0000,0.2593,MES,00:00,0,0,
513,30,30,1.0000,30,0.3000,9.0000,0.4333,7.3667,-0.2000,12,18,12,-0.2500,-3.0000,0.2500,18,0.6667,12.0000,0.5556,MES,00:15,0,15,
511,36,36,1.0000,36,-0.1667,-6.0000,0.2778,6.6042,-0.0556,17,19,15,-0.2000,-3.0000,0.2667,21,-0.1429,-3.0000,0.2857,MES,00:30,0,30,0030/US_EQ(EST)
511,25,25,1.0000,25,-0.4000,-10.0000,0.2000,6.8100,-0.1200,11,14,9,-0.3333,-3.0000,0.2222,16,-0.4375,-7.0000,0.1875,MES,00:45,0,45,
513,52,52,1.0000,52,0.1538,8.0000,0.3846,6.8846,-0.0769,24,28,18,0.3333,6.0000,0.4444,34,0.0588,2.0000,0.3529,MES,01:00,1,0,
513,44,44,1.0000,44,0.4318,19.0000,0.4773,6.6364,-0.0455,21,23,15,0.8000,12.0000,0.6000,29,0.2414,7.0000,0.4138,MES,01:15,1,15,
514,63,63,1.0000,63,0.2857,18.0000,0.4286,6.2897,0.0794,34,29,18,0.3333,6.0000,0.4444,45,0.2667,12.0000,0.4222,MES,01:30,1,30,
514,51,51,1.0000,51,-0.0588,-3.0000,0.3137,6.4657,-0.1765,21,30,10,0.2000,2.0000,0.4000,41,-0.1220,-5.0000,0.2927,MES,01:45,1,45,
515,95,94,0.9895,94,0.1122,10.5464,0.3511,6.6816,0.1064,52,42,23,0.2533,5.8250,0.3913,71,0.0665,4.7214,0.3380,MES,02:00,2,0,
516,67,67,1.0000,67,0.2045,13.7027,0.3881,6.4328,-0.0746,31,36,21,0.1287,2.7027,0.3333,46,0.2391,11.0000,0.4130,MES,02:15,2,15,
516,88,88,1.0000,88,0.2590,22.7931,0.4091,5.7301,0.0909,48,40,28,0.2783,7.7931,0.3929,60,0.2500,15.0000,0.4167,MES,02:30,2,30,
513,59,59,1.0000,59,-0.1735,-10.2381,0.2712,6.5720,0.1186,33,26,14,-0.3571,-5.0000,0.2143,45,-0.1164,-5.2381,0.2889,MES,02:45,2,45,
516,176,176,1.0000,176,0.2359,41.5268,0.3977,7.3736,0.0568,93,83,39,0.2308,9.0000,0.4103,137,0.2374,32.5268,0.3942,MES,03:00,3,0,
516,140,140,1.0000,140,0.0031,0.4354,0.3214,6.1357,0.0143,71,69,32,0.0312,1.0000,0.3438,108,-0.0052,-0.5646,0.3148,MES,03:15,3,15,
516,133,133,1.0000,133,-0.0319,-4.2390,0.3008,6.6203,0.0376,69,64,33,-0.1402,-4.6250,0.2727,100,0.0039,0.3860,0.3100,MES,03:30,3,30,
516,100,100,1.0000,100,0.0800,8.0000,0.3600,6.3875,-0.0600,47,53,30,-0.1000,-3.0000,0.3000,70,0.1571,11.0000,0.3857,MES,03:45,3,45,
516,225,225,1.0000,225,0.0242,5.4372,0.3200,6.7244,0.1822,133,92,87,0.1284,11.1676,0.3678,138,-0.0415,-5.7304,0.2899,MES,04:00,4,0,
516,158,158,1.0000,158,0.2846,44.9600,0.4241,6.1867,0.0253,81,77,70,0.4851,33.9600,0.4857,88,0.1250,11.0000,0.3750,MES,04:15,4,15,
516,166,166,1.0000,166,0.0962,15.9693,0.3434,6.3042,0.1084,92,74,63,0.2337,14.7226,0.3810,103,0.0121,1.2467,0.3204,MES,04:30,4,30,
516,121,121,1.0000,121,0.1273,15.4061,0.3554,5.9421,0.1240,68,53,50,0.5286,26.4286,0.5000,71,-0.1552,-11.0225,0.2535,MES,04:45,4,45,
516,164,164,1.0000,164,0.2383,39.0768,0.3537,6.3613,0.0488,86,78,83,0.2219,18.4181,0.3494,81,0.2550,20.6588,0.3580,MES,05:00,5,0,
515,100,100,1.0000,100,0.2915,29.1478,0.4000,6.0800,-0.0200,49,51,48,0.3751,18.0043,0.4375,52,0.2143,11.1434,0.3654,MES,05:15,5,15,
516,109,109,1.0000,109,0.0341,3.7165,0.3119,6.0665,-0.0092,54,55,45,0.1453,6.5387,0.3333,64,-0.0441,-2.8222,0.2969,MES,05:30,5,30,
515,90,90,1.0000,90,0.2401,21.6070,0.4000,5.8250,-0.1111,40,50,37,0.2608,9.6486,0.4054,53,0.2256,11.9583,0.3962,MES,05:45,5,45,
516,123,123,1.0000,123,0.0663,8.1513,0.3089,7.0264,-0.0407,59,64,42,0.0956,4.0162,0.3333,81,0.0511,4.1352,0.2963,MES,06:00,6,0,
516,87,87,1.0000,87,0.3202,27.8595,0.4138,6.6178,0.0115,44,43,33,0.0274,0.9048,0.3333,54,0.4992,26.9547,0.4630,MES,06:15,6,15,
516,103,103,1.0000,103,0.0955,9.8403,0.3204,6.9660,0.0680,55,48,36,-0.1957,-7.0454,0.2222,67,0.2520,16.8857,0.3731,MES,06:30,6,30,
515,81,81,1.0000,81,0.2264,18.3358,0.3457,6.7747,0.1111,45,36,23,0.3990,9.1765,0.4348,58,0.1579,9.1593,0.3103,MES,06:45,6,45,
516,149,148,0.9933,148,0.0758,11.2160,0.2973,6.7886,0.1892,88,60,44,0.1171,5.1543,0.2727,104,0.0583,6.0617,0.3077,MES,07:00,7,0,
516,100,100,1.0000,100,-0.0705,-7.0519,0.2600,6.5375,0.1000,55,45,29,0.3535,10.2505,0.3793,71,-0.2437,-17.3023,0.2113,MES,07:15,7,15,
516,124,123,0.9919,123,-0.0528,-6.4918,0.2276,6.7016,0.0894,67,56,41,0.1719,7.0480,0.2683,82,-0.1651,-13.5398,0.2073,MES,07:30,7,30,
516,111,109,0.9820,109,-0.0890,-9.7005,0.2661,6.9279,-0.0275,53,56,31,-0.2768,-8.5811,0.1935,78,-0.0144,-1.1194,0.2949,MES,07:45,7,45,
516,175,171,0.9771,171,0.0537,9.1762,0.1696,6.9414,0.0877,93,78,72,0.2025,14.5779,0.0972,99,-0.0546,-5.4018,0.2222,MES,08:00,8,0,CME_OPEN(CDT)
516,135,134,0.9926,134,-0.0263,-3.5286,0.1493,6.7648,-0.1045,60,74,44,0.1066,4.6898,0.0682,90,-0.0913,-8.2185,0.1889,MES,08:15,8,15,
516,256,204,0.7969,204,0.1008,20.5595,0.0588,12.2197,0.0490,107,97,44,-0.0770,-3.3884,0.0455,160,0.1497,23.9479,0.0625,MES,08:30,8,30,
516,190,143,0.7526,143,-0.0379,-5.4158,0.0140,7.3461,0.0350,74,69,41,-0.0882,-3.6159,0.0000,102,-0.0176,-1.7999,0.0196,MES,08:45,8,45,
516,192,192,1.0000,192,-0.0781,-15.0000,0.3073,6.9010,-0.0833,88,104,61,-0.2131,-13.0000,0.2623,131,-0.0153,-2.0000,0.3282,MES,09:00,9,0,0900/CME_OPEN(CST)
516,165,165,1.0000,165,-0.0545,-9.0000,0.3152,6.3985,-0.0182,81,84,56,-0.1964,-11.0000,0.2679,109,0.0183,2.0000,0.3394,MES,09:15,9,15,
517,446,446,1.0000,446,0.1359,60.5938,0.3587,11.0891,0.0000,223,223,114,0.0749,8.5369,0.3246,332,0.1568,52.0569,0.3705,MES,09:30,9,30,
517,378,378,1.0000,378,0.1295,48.9480,0.3598,9.2983,-0.0265,184,194,76,-0.0921,-7.0000,0.3026,302,0.1853,55.9480,0.3742,MES,09:45,9,45,
517,390,390,1.0000,390,0.2213,86.3258,0.3872,9.9974,0.0769,210,180,83,0.2297,19.0690,0.4096,307,0.2191,67.2569,0.3811,MES,10:00,10,0,1000
517,339,339,1.0000,339,0.1185,40.1858,0.3658,8.1799,0.0324,175,164,63,-0.0476,-3.0000,0.3175,276,0.1565,43.1858,0.3768,MES,10:15,10,15,
516,450,450,1.0000,450,0.2489,112.0142,0.4000,9.6139,0.0133,228,222,172,0.1552,26.6963,0.3663,278,0.3069,85.3179,0.4209,MES,10:30,10,30,
516,416,416,1.0000,416,0.1968,81.8780,0.3918,9.0703,-0.0337,201,215,157,0.3528,55.3825,0.4395,259,0.1023,26.4955,0.3629,MES,10:45,10,45,
516,421,421,1.0000,421,0.1623,68.3352,0.3658,9.3438,-0.0261,205,216,163,0.1106,18.0359,0.3313,258,0.1950,50.2993,0.3876,MES,11:00,11,0,1100
516,370,370,1.0000,370,0.2248,83.1876,0.4027,8.2419,0.0595,196,174,151,0.0897,13.5385,0.3576,219,0.3180,69.6491,0.4338,MES,11:15,11,15,
516,390,390,1.0000,390,0.1053,41.0511,0.3564,8.1596,0.0769,210,180,151,0.1571,23.7294,0.3642,239,0.0725,17.3217,0.3515,MES,11:30,11,30,1130
516,346,346,1.0000,346,0.0953,32.9589,0.3584,8.0658,0.0289,178,168,138,0.0419,5.7874,0.3333,208,0.1306,27.1714,0.3750,MES,11:45,11,45,
516,350,350,1.0000,350,0.0369,12.9027,0.3400,7.9286,0.0971,192,158,133,-0.0703,-9.3452,0.3008,217,0.1025,22.2479,0.3641,MES,12:00,12,0,
516,316,316,1.0000,316,0.1230,38.8812,0.3703,7.6203,0.0380,164,152,119,-0.0036,-0.4286,0.3277,197,0.1995,39.3098,0.3959,MES,12:15,12,15,
516,321,321,1.0000,321,0.1368,43.9100,0.3676,7.7913,0.0654,171,150,125,-0.0592,-7.4032,0.3040,196,0.2618,51.3132,0.4082,MES,12:30,12,30,
516,314,314,1.0000,314,0.1510,47.4104,0.3726,7.5502,0.0892,171,143,115,0.0592,6.8135,0.3304,199,0.2040,40.5969,0.3970,MES,12:45,12,45,
508,359,359,1.0000,359,0.0354,12.7245,0.3259,7.8726,0.0418,187,172,129,0.0161,2.0833,0.3333,230,0.0463,10.6412,0.3217,MES,13:00,13,0,
506,306,306,1.0000,306,0.1906,58.3349,0.3889,7.9902,0.0850,166,140,113,0.2212,25.0000,0.4071,193,0.1727,33.3349,0.3782,MES,13:15,13,15,
506,302,302,1.0000,302,0.1235,37.2917,0.3576,7.9983,0.0861,164,138,108,0.1489,16.0769,0.3796,194,0.1094,21.2148,0.3454,MES,13:30,13,30,
506,298,297,0.9966,297,0.2277,67.6332,0.3906,7.6820,0.0168,151,146,111,0.2926,32.4734,0.4144,186,0.1890,35.1598,0.3763,MES,13:45,13,45,
500,339,338,0.9971,338,-0.0631,-21.3237,0.2781,8.6482,0.1006,186,152,112,-0.0131,-1.4661,0.3125,226,-0.0879,-19.8577,0.2611,MES,14:00,14,0,
496,289,289,1.0000,289,0.0264,7.6171,0.3218,7.7604,0.1349,164,125,98,0.2077,20.3516,0.3980,191,-0.0667,-12.7345,0.2827,MES,14:15,14,15,
496,305,305,1.0000,305,0.0255,7.7694,0.3148,7.8205,0.2000,183,122,108,0.1460,15.7627,0.3704,197,-0.0406,-7.9933,0.2843,MES,14:30,14,30,
496,273,273,1.0000,273,0.0285,7.7736,0.3040,7.8379,0.0549,144,129,91,-0.0458,-4.1683,0.2967,182,0.0656,11.9420,0.3077,MES,14:45,14,45,
496,326,326,1.0000,326,0.0271,8.8411,0.3129,8.2998,0.0000,163,163,115,0.0042,0.4866,0.3304,211,0.0396,8.3545,0.3033,MES,15:00,15,0,
496,285,285,1.0000,285,-0.0118,-3.3731,0.2912,7.6167,0.1368,162,123,101,0.0551,5.5659,0.3267,184,-0.0486,-8.9389,0.2717,MES,15:15,15,15,
496,305,304,0.9967,304,0.0080,2.4466,0.2993,8.3139,-0.0855,139,165,102,0.2054,20.9458,0.3725,202,-0.0916,-18.4992,0.2624,MES,15:30,15,30,
496,330,328,0.9939,328,0.1176,38.5858,0.3110,7.9492,0.0244,168,160,84,0.0281,2.3627,0.3214,244,0.1485,36.2231,0.3074,MES,15:45,15,45,
496,357,341,0.9552,341,0.1498,51.0670,0.2669,8.5910,0.0088,172,169,102,0.1040,10.6109,0.2941,239,0.1693,40.4561,0.2552,MES,16:00,16,0,
496,172,171,0.9942,171,0.0362,6.1900,0.2924,7.6119,-0.1579,72,99,93,0.0824,7.6590,0.3118,78,-0.0188,-1.4689,0.2692,MES,16:15,16,15,
496,157,154,0.9809,154,0.0769,11.8360,0.2922,8.4952,0.0000,77,77,111,0.0081,0.8968,0.2793,43,0.2544,10.9392,0.3256,MES,16:30,16,30,
496,145,144,0.9931,144,0.1965,28.2909,0.2847,7.9483,0.0833,78,66,112,0.1677,18.7826,0.2589,32,0.2971,9.5083,0.3750,MES,16:45,16,45,
168,125,116,0.9280,116,-0.1107,-12.8440,0.1638,8.1740,0.1379,66,50,116,-0.1107,-12.8440,0.1638,0,,0.0000,,MES,17:00,17,0,LONDON(BST)
168,42,38,0.9048,38,-0.3088,-11.7349,0.1579,7.6845,0.3158,25,13,38,-0.3088,-11.7349,0.1579,0,,0.0000,,MES,17:15,17,15,
168,25,25,1.0000,25,-0.0999,-2.4970,0.2000,8.7800,-0.1200,11,14,25,-0.0999,-2.4970,0.2000,0,,0.0000,,MES,17:30,17,30,
168,16,15,0.9375,15,-0.1436,-2.1538,0.2667,6.3906,-0.2000,6,9,15,-0.1436,-2.1538,0.2667,0,,0.0000,,MES,17:45,17,45,
338,223,217,0.9731,217,0.1294,28.0749,0.2627,10.6256,0.0138,110,107,0,,0.0000,,217,0.1294,28.0749,0.2627,MES,18:00,18,0,1800/LONDON(GMT)
338,66,66,1.0000,66,0.0909,5.9995,0.3333,7.6894,0.1818,39,27,0,,0.0000,,66,0.0909,5.9995,0.3333,MES,18:15,18,15,
337,68,68,1.0000,68,-0.3224,-21.9239,0.2206,6.6949,0.1176,38,30,0,,0.0000,,68,-0.3224,-21.9239,0.2206,MES,18:30,18,30,
338,40,40,1.0000,40,-0.0250,-1.0000,0.3250,6.4625,0.0000,20,20,0,,0.0000,,40,-0.0250,-1.0000,0.3250,MES,18:45,18,45,
516,201,199,0.9900,199,-0.0012,-0.2385,0.2613,8.0535,0.0553,105,94,131,0.0795,10.4114,0.2595,68,-0.1566,-10.6499,0.2647,MES,19:00,19,0,
516,90,90,1.0000,90,0.0000,0.0000,0.3333,6.6611,-0.0444,43,47,39,-0.3077,-12.0000,0.2308,51,0.2353,12.0000,0.4118,MES,19:15,19,15,
515,85,84,0.9882,84,0.1071,9.0000,0.3690,6.4559,-0.1190,37,47,39,0.0000,0.0000,0.3333,45,0.2000,9.0000,0.4000,MES,19:30,19,30,
516,80,80,1.0000,80,0.0890,7.1228,0.3500,6.5594,0.1000,44,36,36,0.1481,5.3333,0.3611,44,0.0407,1.7895,0.3409,MES,19:45,19,45,
517,171,169,0.9883,169,0.2514,42.4910,0.3964,7.1608,0.0059,85,84,61,0.4426,27.0000,0.4754,108,0.1434,15.4910,0.3519,MES,20:00,20,0,
517,119,119,1.0000,119,0.4874,58.0023,0.4874,7.1134,0.0420,62,57,45,0.2000,9.0000,0.4000,74,0.6622,49.0023,0.5405,MES,20:15,20,15,
517,92,92,1.0000,92,0.1380,12.6980,0.3696,6.4973,0.1087,51,41,34,0.3627,12.3333,0.4412,58,0.0063,0.3647,0.3276,MES,20:30,20,30,
517,82,82,1.0000,82,0.1553,12.7368,0.3780,6.4817,0.0976,45,37,25,0.1495,3.7368,0.3600,57,0.1579,9.0000,0.3860,MES,20:45,20,45,
517,114,114,1.0000,114,0.1435,16.3582,0.3596,6.9035,0.1754,67,47,55,0.0611,3.3582,0.3091,59,0.2203,13.0000,0.4068,MES,21:00,21,0,
517,86,86,1.0000,86,-0.0498,-4.2857,0.3140,6.3343,0.0698,46,40,32,-0.0625,-2.0000,0.3125,54,-0.0423,-2.2857,0.3148,MES,21:15,21,15,
517,94,94,1.0000,94,0.0532,5.0000,0.3511,6.6755,0.0638,50,44,42,0.2143,9.0000,0.4048,52,-0.0769,-4.0000,0.3077,MES,21:30,21,30,
515,74,74,1.0000,74,-0.0240,-1.7738,0.3108,6.7601,0.1351,42,32,33,0.0069,0.2262,0.3030,41,-0.0488,-2.0000,0.3171,MES,21:45,21,45,
517,71,71,1.0000,71,0.1278,9.0714,0.3662,6.6197,-0.2113,28,43,32,-0.0368,-1.1786,0.3125,39,0.2628,10.2500,0.4103,MES,22:00,22,0,
517,68,68,1.0000,68,0.2855,19.4166,0.3971,6.3015,-0.0294,33,35,27,0.0875,2.3636,0.3333,41,0.4159,17.0529,0.4390,MES,22:15,22,15,
517,58,58,1.0000,58,0.1379,8.0000,0.3793,5.8233,0.1034,32,26,27,0.1111,3.0000,0.3704,31,0.1613,5.0000,0.3871,MES,22:30,22,30,US_DATA(EDT)
511,42,42,1.0000,42,0.2857,12.0000,0.4286,6.4702,0.0476,22,20,18,0.3333,6.0000,0.4444,24,0.2500,6.0000,0.4167,MES,22:45,22,45,
516,60,60,1.0000,60,0.3737,22.4226,0.4333,6.3125,0.0667,32,28,26,-0.0769,-2.0000,0.3077,34,0.7183,24.4226,0.5294,MES,23:00,23,0,2300
513,53,53,1.0000,53,0.1321,7.0000,0.3774,5.9953,-0.0566,25,28,19,-0.3684,-7.0000,0.2105,34,0.4118,14.0000,0.4706,MES,23:15,23,15,
513,44,44,1.0000,44,-0.1136,-5.0000,0.2955,6.4830,-0.2273,17,27,20,0.0500,1.0000,0.3500,24,-0.2500,-6.0000,0.2500,MES,23:30,23,30,US_DATA(EST)/US_EQ(EDT)
515,44,44,1.0000,44,-0.0455,-2.0000,0.3182,6.0795,-0.0455,21,23,19,-0.2105,-4.0000,0.2632,25,0.0800,2.0000,0.3600,MES,23:45,23,45,
912,0,0,,0,,0.0000,,,,0,0,0,,0.0000,,0,,0.0000,,MCL,00:00,0,0,
818,0,0,,0,,0.0000,,,,0,0,0,,0.0000,,0,,0.0000,,MCL,00:15,0,15,
846,0,0,,0,,0.0000,,,,0,0,0,,0.0000,,0,,0.0000,,MCL,00:30,0,30,0030/US_EQ(EST)
771,0,0,,0,,0.0000,,,,0,0,0,,0.0000,,0,,0.0000,,MCL,00:45,0,45,
944,0,0,,0,,0.0000,,,,0,0,0,,0.0000,,0,,0.0000,,MCL,01:00,1,0,
875,0,0,,0,,0.0000,,,,0,0,0,,0.0000,,0,,0.0000,,MCL,01:15,1,15,
1077,0,0,,0,,0.0000,,,,0,0,0,,0.0000,,0,,0.0000,,MCL,01:30,1,30,
1043,0,0,,0,,0.0000,,,,0,0,0,,0.0000,,0,,0.0000,,MCL,01:45,1,45,
1105,0,0,,0,,0.0000,,,,0,0,0,,0.0000,,0,,0.0000,,MCL,02:00,2,0,
1100,0,0,,0,,0.0000,,,,0,0,0,,0.0000,,0,,0.0000,,MCL,02:15,2,15,
1119,0,0,,0,,0.0000,,,,0,0,0,,0.0000,,0,,0.0000,,MCL,02:30,2,30,
1124,0,0,,0,,0.0000,,,,0,0,0,,0.0000,,0,,0.0000,,MCL,02:45,2,45,
1167,0,0,,0,,0.0000,,,,0,0,0,,0.0000,,0,,0.0000,,MCL,03:00,3,0,
1153,0,0,,0,,0.0000,,,,0,0,0,,0.0000,,0,,0.0000,,MCL,03:15,3,15,
1153,0,0,,0,,0.0000,,,,0,0,0,,0.0000,,0,,0.0000,,MCL,03:30,3,30,
1149,0,0,,0,,0.0000,,,,0,0,0,,0.0000,,0,,0.0000,,MCL,03:45,3,45,
1177,0,0,,0,,0.0000,,,,0,0,0,,0.0000,,0,,0.0000,,MCL,04:00,4,0,
1174,0,0,,0,,0.0000,,,,0,0,0,,0.0000,,0,,0.0000,,MCL,04:15,4,15,
1177,0,0,,0,,0.0000,,,,0,0,0,,0.0000,,0,,0.0000,,MCL,04:30,4,30,
1168,0,0,,0,,0.0000,,,,0,0,0,,0.0000,,0,,0.0000,,MCL,04:45,4,45,
1176,0,0,,0,,0.0000,,,,0,0,0,,0.0000,,0,,0.0000,,MCL,05:00,5,0,
1178,0,0,,0,,0.0000,,,,0,0,0,,0.0000,,0,,0.0000,,MCL,05:15,5,15,
1177,0,0,,0,,0.0000,,,,0,0,0,,0.0000,,0,,0.0000,,MCL,05:30,5,30,
1169,0,0,,0,,0.0000,,,,0,0,0,,0.0000,,0,,0.0000,,MCL,05:45,5,45,
1173,0,0,,0,,0.0000,,,,0,0,0,,0.0000,,0,,0.0000,,MCL,06:00,6,0,
1169,0,0,,0,,0.0000,,,,0,0,0,,0.0000,,0,,0.0000,,MCL,06:15,6,15,
1168,0,0,,0,,0.0000,,,,0,0,0,,0.0000,,0,,0.0000,,MCL,06:30,6,30,
1165,0,0,,0,,0.0000,,,,0,0,0,,0.0000,,0,,0.0000,,MCL,06:45,6,45,
1174,0,0,,0,,0.0000,,,,0,0,0,,0.0000,,0,,0.0000,,MCL,07:00,7,0,
1164,0,0,,0,,0.0000,,,,0,0,0,,0.0000,,0,,0.0000,,MCL,07:15,7,15,
1172,0,0,,0,,0.0000,,,,0,0,0,,0.0000,,0,,0.0000,,MCL,07:30,7,30,
1174,0,0,,0,,0.0000,,,,0,0,0,,0.0000,,0,,0.0000,,MCL,07:45,7,45,
1181,0,0,,0,,0.0000,,,,0,0,0,,0.0000,,0,,0.0000,,MCL,08:00,8,0,CME_OPEN(CDT)
1178,0,0,,0,,0.0000,,,,0,0,0,,0.0000,,0,,0.0000,,MCL,08:15,8,15,
1178,0,0,,0,,0.0000,,,,0,0,0,,0.0000,,0,,0.0000,,MCL,08:30,8,30,
1181,0,0,,0,,0.0000,,,,0,0,0,,0.0000,,0,,0.0000,,MCL,08:45,8,45,
1183,0,0,,0,,0.0000,,,,0,0,0,,0.0000,,0,,0.0000,,MCL,09:00,9,0,0900/CME_OPEN(CST)
1182,0,0,,0,,0.0000,,,,0,0,0,,0.0000,,0,,0.0000,,MCL,09:15,9,15,
1182,0,0,,0,,0.0000,,,,0,0,0,,0.0000,,0,,0.0000,,MCL,09:30,9,30,
1184,0,0,,0,,0.0000,,,,0,0,0,,0.0000,,0,,0.0000,,MCL,09:45,9,45,
1184,0,0,,0,,0.0000,,,,0,0,0,,0.0000,,0,,0.0000,,MCL,10:00,10,0,1000
1184,0,0,,0,,0.0000,,,,0,0,0,,0.0000,,0,,0.0000,,MCL,10:15,10,15,
1184,0,0,,0,,0.0000,,,,0,0,0,,0.0000,,0,,0.0000,,MCL,10:30,10,30,
1184,0,0,,0,,0.0000,,,,0,0,0,,0.0000,,0,,0.0000,,MCL,10:45,10,45,
1183,0,0,,0,,0.0000,,,,0,0,0,,0.0000,,0,,0.0000,,MCL,11:00,11,0,1100
1184,0,0,,0,,0.0000,,,,0,0,0,,0.0000,,0,,0.0000,,MCL,11:15,11,15,
1183,0,0,,0,,0.0000,,,,0,0,0,,0.0000,,0,,0.0000,,MCL,11:30,11,30,1130
1181,0,0,,0,,0.0000,,,,0,0,0,,0.0000,,0,,0.0000,,MCL,11:45,11,45,
1182,0,0,,0,,0.0000,,,,0,0,0,,0.0000,,0,,0.0000,,MCL,12:00,12,0,
1182,0,0,,0,,0.0000,,,,0,0,0,,0.0000,,0,,0.0000,,MCL,12:15,12,15,
1181,0,0,,0,,0.0000,,,,0,0,0,,0.0000,,0,,0.0000,,MCL,12:30,12,30,
1177,0,0,,0,,0.0000,,,,0,0,0,,0.0000,,0,,0.0000,,MCL,12:45,12,45,
1178,0,0,,0,,0.0000,,,,0,0,0,,0.0000,,0,,0.0000,,MCL,13:00,13,0,
1168,1,1,1.0000,1,-1.0000,-1.0000,0.0000,5.1300,-1.0000,0,1,1,-1.0000,-1.0000,0.0000,0,,0.0000,,MCL,13:15,13,15,
1168,1,1,1.0000,1,-0.0700,-0.0700,0.0000,4.4300,-1.0000,0,1,1,-0.0700,-0.0700,0.0000,0,,0.0000,,MCL,13:30,13,30,
1164,0,0,,0,,0.0000,,,,0,0,0,,0.0000,,0,,0.0000,,MCL,13:45,13,45,
1171,0,0,,0,,0.0000,,,,0,0,0,,0.0000,,0,,0.0000,,MCL,14:00,14,0,
1167,0,0,,0,,0.0000,,,,0,0,0,,0.0000,,0,,0.0000,,MCL,14:15,14,15,
1159,0,0,,0,,0.0000,,,,0,0,0,,0.0000,,0,,0.0000,,MCL,14:30,14,30,
1131,0,0,,0,,0.0000,,,,0,0,0,,0.0000,,0,,0.0000,,MCL,14:45,14,45,
1138,0,0,,0,,0.0000,,,,0,0,0,,0.0000,,0,,0.0000,,MCL,15:00,15,0,
1113,0,0,,0,,0.0000,,,,0,0,0,,0.0000,,0,,0.0000,,MCL,15:15,15,15,
1086,0,0,,0,,0.0000,,,,0,0,0,,0.0000,,0,,0.0000,,MCL,15:30,15,30,
1063,0,0,,0,,0.0000,,,,0,0,0,,0.0000,,0,,0.0000,,MCL,15:45,15,45,
1082,0,0,,0,,0.0000,,,,0,0,0,,0.0000,,0,,0.0000,,MCL,16:00,16,0,
976,0,0,,0,,0.0000,,,,0,0,0,,0.0000,,0,,0.0000,,MCL,16:15,16,15,
1045,0,0,,0,,0.0000,,,,0,0,0,,0.0000,,0,,0.0000,,MCL,16:30,16,30,
1045,0,0,,0,,0.0000,,,,0,0,0,,0.0000,,0,,0.0000,,MCL,16:45,16,45,
386,0,0,,0,,0.0000,,,,0,0,0,,0.0000,,0,,0.0000,,MCL,17:00,17,0,LONDON(BST)
340,0,0,,0,,0.0000,,,,0,0,0,,0.0000,,0,,0.0000,,MCL,17:15,17,15,
365,0,0,,0,,0.0000,,,,0,0,0,,0.0000,,0,,0.0000,,MCL,17:30,17,30,
371,0,0,,0,,0.0000,,,,0,0,0,,0.0000,,0,,0.0000,,MCL,17:45,17,45,
734,2,2,1.0000,2,0.0691,0.1383,0.0000,7.3700,1.0000,2,0,0,,0.0000,,2,0.0691,0.1383,0.0000,MCL,18:00,18,0,1800/LONDON(GMT)
578,0,0,,0,,0.0000,,,,0,0,0,,0.0000,,0,,0.0000,,MCL,18:15,18,15,
541,0,0,,0,,0.0000,,,,0,0,0,,0.0000,,0,,0.0000,,MCL,18:30,18,30,
471,0,0,,0,,0.0000,,,,0,0,0,,0.0000,,0,,0.0000,,MCL,18:45,18,45,
943,2,0,0.0000,0,,0.0000,,9.0800,,0,0,0,,0.0000,,0,,0.0000,,MCL,19:00,19,0,
834,0,0,,0,,0.0000,,,,0,0,0,,0.0000,,0,,0.0000,,MCL,19:15,19,15,
807,0,0,,0,,0.0000,,,,0,0,0,,0.0000,,0,,0.0000,,MCL,19:30,19,30,
809,0,0,,0,,0.0000,,,,0,0,0,,0.0000,,0,,0.0000,,MCL,19:45,19,45,
1100,0,0,,0,,0.0000,,,,0,0,0,,0.0000,,0,,0.0000,,MCL,20:00,20,0,
980,0,0,,0,,0.0000,,,,0,0,0,,0.0000,,0,,0.0000,,MCL,20:15,20,15,
936,0,0,,0,,0.0000,,,,0,0,0,,0.0000,,0,,0.0000,,MCL,20:30,20,30,
923,0,0,,0,,0.0000,,,,0,0,0,,0.0000,,0,,0.0000,,MCL,20:45,20,45,
1162,0,0,,0,,0.0000,,,,0,0,0,,0.0000,,0,,0.0000,,MCL,21:00,21,0,
1124,0,0,,0,,0.0000,,,,0,0,0,,0.0000,,0,,0.0000,,MCL,21:15,21,15,
1132,0,0,,0,,0.0000,,,,0,0,0,,0.0000,,0,,0.0000,,MCL,21:30,21,30,
1097,0,0,,0,,0.0000,,,,0,0,0,,0.0000,,0,,0.0000,,MCL,21:45,21,45,
1137,0,0,,0,,0.0000,,,,0,0,0,,0.0000,,0,,0.0000,,MCL,22:00,22,0,
1008,0,0,,0,,0.0000,,,,0,0,0,,0.0000,,0,,0.0000,,MCL,22:15,22,15,
1085,0,0,,0,,0.0000,,,,0,0,0,,0.0000,,0,,0.0000,,MCL,22:30,22,30,US_DATA(EDT)
1051,0,0,,0,,0.0000,,,,0,0,0,,0.0000,,0,,0.0000,,MCL,22:45,22,45,
1063,0,0,,0,,0.0000,,,,0,0,0,,0.0000,,0,,0.0000,,MCL,23:00,23,0,2300
1010,0,0,,0,,0.0000,,,,0,0,0,,0.0000,,0,,0.0000,,MCL,23:15,23,15,
961,0,0,,0,,0.0000,,,,0,0,0,,0.0000,,0,,0.0000,,MCL,23:30,23,30,US_DATA(EST)/US_EQ(EDT)
891,0,0,,0,,0.0000,,,,0,0,0,,0.0000,,0,,0.0000,,MCL,23:45,23,45,
