symbol,session,rr_target,confirm_bars,t80_minutes,n_before,n_after,avg_r_before,avg_r_after,wr_before,wr_after,t_stat,p_val,p_bh,verdict
MES,0030,1.0,1,38.0,4291,885,-0.0681,-0.0433,0.5311,0.5254,-1.4112,0.158551,0.207853,DIRECTIONAL (not significant)
MES,0030,1.0,2,59.0,2074,361,-0.0578,-0.052,0.5294,0.5152,-1.0695,0.285546,0.350207,DIRECTIONAL (not significant)
MES,0030,1.0,3,71.0,1721,348,-0.0675,-0.0617,0.5189,0.5115,-1.2491,0.212472,0.268119,DIRECTIONAL (not significant)
MES,0030,1.0,4,75.0,1568,354,-0.0426,-0.0858,0.53,0.4972,-1.7481,0.081315,0.115365,DIRECTIONAL (not significant)
MES,0030,1.0,5,86.0,1481,336,-0.0441,-0.0647,0.5287,0.506,-1.2781,0.202108,0.256788,DIRECTIONAL (not significant)
MES,0030,1.5,1,73.0,4453,719,-0.1087,0.2151,0.4056,0.5369,5.0882,0.0,0.0,NO-BENEFIT (avg_r_after >= 0)
MES,0030,1.5,2,111.0,2097,308,-0.0883,0.2118,0.4096,0.5325,3.2565,0.001254,0.002828,NO-BENEFIT (avg_r_after >= 0)
MES,0030,1.5,3,136.0,1743,273,-0.1048,0.1963,0.3993,0.5201,2.8111,0.005297,0.010078,NO-BENEFIT (avg_r_after >= 0)
MES,0030,1.5,4,147.0,1585,266,-0.0973,0.1729,0.4006,0.5075,2.4306,0.015739,0.026542,NO-BENEFIT (avg_r_after >= 0)
MES,0030,1.5,5,167.0,1517,237,-0.0931,0.2523,0.4008,0.5401,3.3462,0.000953,0.002217,NO-BENEFIT (avg_r_after >= 0)
MES,0030,2.0,1,120.0,4501,601,-0.1147,0.498,0.3373,0.5507,8.981,0.0,0.0,NO-BENEFIT (avg_r_after >= 0)
MES,0030,2.0,2,158.0,2059,288,-0.0979,0.3821,0.3385,0.5035,4.7042,4e-06,1.7e-05,NO-BENEFIT (avg_r_after >= 0)
MES,0030,2.0,3,194.0,1730,213,-0.1383,0.5094,0.3214,0.5493,5.4068,0.0,0.0,NO-BENEFIT (avg_r_after >= 0)
MES,0030,2.0,4,192.0,1572,208,-0.1081,0.4439,0.3308,0.524,4.631,6e-06,2.5e-05,NO-BENEFIT (avg_r_after >= 0)
MES,0030,2.0,5,214.0,1489,189,-0.1411,0.5253,0.3177,0.5503,5.2135,0.0,0.0,NO-BENEFIT (avg_r_after >= 0)
MES,0030,2.5,1,157.0,4446,550,-0.138,0.5593,0.2821,0.4927,8.2534,0.0,0.0,NO-BENEFIT (avg_r_after >= 0)
MES,0030,2.5,2,211.0,2062,212,-0.1461,0.6882,0.275,0.5283,6.2505,0.0,0.0,NO-BENEFIT (avg_r_after >= 0)
MES,0030,2.5,3,226.0,1701,180,-0.1942,0.691,0.2575,0.5278,5.7653,0.0,0.0,NO-BENEFIT (avg_r_after >= 0)
MES,0030,2.5,4,240.0,1550,160,-0.158,0.6842,0.2684,0.525,5.3724,0.0,0.0,NO-BENEFIT (avg_r_after >= 0)
MES,0030,2.5,5,254.0,1446,147,-0.205,0.7046,0.2524,0.5306,5.2976,0.0,0.0,NO-BENEFIT (avg_r_after >= 0)
MES,0030,3.0,1,204.0,4460,434,-0.181,0.895,0.2343,0.5276,10.3369,0.0,0.0,NO-BENEFIT (avg_r_after >= 0)
MES,0030,3.0,2,250.0,2032,181,-0.2002,0.9442,0.2254,0.5359,6.9747,0.0,0.0,NO-BENEFIT (avg_r_after >= 0)
MES,0030,3.0,3,255.0,1666,156,-0.2382,0.7961,0.2131,0.4936,5.4249,0.0,0.0,NO-BENEFIT (avg_r_after >= 0)
MES,0030,3.0,4,261.0,1506,135,-0.2199,0.8172,0.2178,0.4963,5.1492,1e-06,5e-06,NO-BENEFIT (avg_r_after >= 0)
MES,0030,3.0,5,272.0,1408,123,-0.2573,0.8398,0.2067,0.5041,5.0604,1e-06,5e-06,NO-BENEFIT (avg_r_after >= 0)
MES,0030,4.0,1,238.0,4321,356,-0.2596,1.1189,0.1701,0.4747,9.4218,0.0,0.0,NO-BENEFIT (avg_r_after >= 0)
MES,0030,4.0,2,289.0,1960,125,-0.2925,1.2571,0.1602,0.504,6.2145,0.0,0.0,NO-BENEFIT (avg_r_after >= 0)
MES,0030,4.0,3,291.0,1598,106,-0.3711,1.089,0.1414,0.4623,4.9295,3e-06,1.3e-05,NO-BENEFIT (avg_r_after >= 0)
MES,0030,4.0,4,273.0,1420,114,-0.3387,0.7391,0.1479,0.386,3.5693,0.000527,0.001344,NO-BENEFIT (avg_r_after >= 0)
MES,0030,4.0,5,285.0,1331,93,-0.3756,0.7564,0.1397,0.3871,3.2707,0.00151,0.003345,NO-BENEFIT (avg_r_after >= 0)
MES,0900,1.0,1,40.0,2953,619,-0.1709,0.0398,0.5855,0.6171,1.1921,0.233683,0.291416,NO-BENEFIT (avg_r_after >= 0)
MES,0900,1.0,2,48.0,1321,288,-0.1353,0.0133,0.5973,0.5903,0.2641,0.791867,0.818779,NO-BENEFIT (avg_r_after >= 0)
MES,0900,1.0,3,58.0,1135,237,-0.1538,0.0271,0.57,0.5949,0.4878,0.626118,0.675261,NO-BENEFIT (avg_r_after >= 0)
MES,0900,1.0,4,60.0,1004,235,-0.1045,0.0322,0.5916,0.6,0.5805,0.562158,0.617043,NO-BENEFIT (avg_r_after >= 0)
MES,0900,1.0,5,74.0,990,207,-0.0828,0.0987,0.597,0.628,1.6631,0.097805,0.136412,NO-BENEFIT (avg_r_after >= 0)
MES,0900,1.5,1,73.0,3112,554,-0.212,0.1949,0.455,0.5596,4.2856,2.1e-05,7.4e-05,NO-BENEFIT (avg_r_after >= 0)
MES,0900,1.5,2,101.0,1386,238,-0.1693,0.3074,0.4646,0.605,4.4375,1.4e-05,5.2e-05,NO-BENEFIT (avg_r_after >= 0)
MES,0900,1.5,3,126.0,1182,187,-0.1768,0.3462,0.4442,0.6203,4.4455,1.5e-05,5.5e-05,NO-BENEFIT (avg_r_after >= 0)
MES,0900,1.5,4,132.0,1056,188,-0.1628,0.2305,0.4441,0.5691,2.9263,0.003856,0.007721,NO-BENEFIT (avg_r_after >= 0)
MES,0900,1.5,5,139.0,1019,181,-0.1227,0.2524,0.4583,0.5691,3.0899,0.00232,0.004877,NO-BENEFIT (avg_r_after >= 0)
MES,0900,2.0,1,119.0,3175,498,-0.2206,0.3926,0.3783,0.5422,6.7883,0.0,0.0,NO-BENEFIT (avg_r_after >= 0)
MES,0900,2.0,2,144.0,1409,212,-0.1604,0.5693,0.3925,0.6085,6.5048,0.0,0.0,NO-BENEFIT (avg_r_after >= 0)
MES,0900,2.0,3,206.0,1200,167,-0.1871,0.5267,0.3667,0.5808,5.2031,1e-06,5e-06,NO-BENEFIT (avg_r_after >= 0)
MES,0900,2.0,4,221.0,1070,170,-0.1773,0.3664,0.3607,0.5235,3.6359,0.000367,0.000987,NO-BENEFIT (avg_r_after >= 0)
MES,0900,2.0,5,219.0,1023,176,-0.1217,0.2611,0.3832,0.4773,2.6064,0.00994,0.017772,NO-BENEFIT (avg_r_after >= 0)
MES,0900,2.5,1,166.0,3230,446,-0.2596,0.5229,0.3096,0.509,7.3264,0.0,0.0,NO-BENEFIT (avg_r_after >= 0)
MES,0900,2.5,2,261.0,1420,199,-0.1851,0.5269,0.3261,0.5025,4.8495,2e-06,9e-06,NO-BENEFIT (avg_r_after >= 0)
MES,0900,2.5,3,301.0,1198,163,-0.2121,0.4631,0.3038,0.4785,3.841,0.000176,0.000514,NO-BENEFIT (avg_r_after >= 0)
MES,0900,2.5,4,349.0,1079,158,-0.2173,0.493,0.2929,0.4873,4.0175,9.1e-05,0.00028,NO-BENEFIT (avg_r_after >= 0)
MES,0900,2.5,5,339.0,1033,164,-0.1658,0.3157,0.3098,0.4268,2.6346,0.009237,0.016758,NO-BENEFIT (avg_r_after >= 0)
MES,0900,3.0,1,236.0,3245,429,-0.2547,0.573,0.2737,0.4569,6.8749,0.0,0.0,NO-BENEFIT (avg_r_after >= 0)
MES,0900,3.0,2,362.0,1425,191,-0.1778,0.541,0.2884,0.445,4.3081,2.6e-05,9.1e-05,NO-BENEFIT (avg_r_after >= 0)
MES,0900,3.0,3,398.0,1194,165,-0.2232,0.4825,0.263,0.4242,3.5576,0.00049,0.001267,NO-BENEFIT (avg_r_after >= 0)
MES,0900,3.0,4,426.0,1085,147,-0.2208,0.6425,0.2562,0.4694,4.4221,1.9e-05,6.8e-05,NO-BENEFIT (avg_r_after >= 0)
MES,0900,3.0,5,434.0,1053,142,-0.1711,0.5375,0.2697,0.4366,3.636,0.000387,0.001028,NO-BENEFIT (avg_r_after >= 0)
MES,0900,4.0,1,379.0,3255,407,-0.2504,0.6964,0.2194,0.4029,6.7468,0.0,0.0,NO-BENEFIT (avg_r_after >= 0)
MES,0900,4.0,2,449.0,1423,185,-0.1723,0.6368,0.2326,0.3838,4.1349,5.4e-05,0.000175,NO-BENEFIT (avg_r_after >= 0)
MES,0900,4.0,3,483.0,1194,156,-0.214,0.5144,0.2127,0.3526,3.1038,0.002271,0.004801,NO-BENEFIT (avg_r_after >= 0)
MES,0900,4.0,4,541.0,1101,125,-0.2427,0.8126,0.1989,0.416,4.2004,5e-05,0.000165,NO-BENEFIT (avg_r_after >= 0)
MES,0900,4.0,5,568.0,1061,129,-0.1934,0.6177,0.2092,0.3721,3.3162,0.001188,0.002704,NO-BENEFIT (avg_r_after >= 0)
MES,1000,1.0,1,39.0,3496,737,-0.0592,0.0252,0.6078,0.6119,0.8303,0.406652,0.471462,NO-BENEFIT (avg_r_after >= 0)
MES,1000,1.0,2,59.0,1208,248,-0.0193,-0.0264,0.6142,0.5685,-0.4857,0.627636,0.675916,DIRECTIONAL (not significant)
MES,1000,1.0,3,68.0,749,198,-0.0476,-0.0564,0.5874,0.5455,-0.9148,0.361413,0.426341,DIRECTIONAL (not significant)
MES,1000,1.0,4,75.0,594,155,-0.0297,-0.0103,0.5892,0.5677,-0.1473,0.883061,0.897577,DIRECTIONAL (not significant)
MES,1000,1.5,1,75.0,3458,741,-0.0536,0.0413,0.4905,0.5007,1.0716,0.284265,0.349213,NO-BENEFIT (avg_r_after >= 0)
MES,1000,1.5,2,106.0,1215,223,-0.0419,0.1606,0.4831,0.5381,2.2132,0.027904,0.043866,NO-BENEFIT (avg_r_after >= 0)
MES,1000,1.5,3,149.0,779,155,-0.0611,0.1421,0.4621,0.529,1.6275,0.105671,0.14574,NO-BENEFIT (avg_r_after >= 0)
MES,1000,1.5,4,166.0,603,131,-0.073,0.1868,0.4494,0.542,1.9427,0.054218,0.081108,NO-BENEFIT (avg_r_after >= 0)
MES,1000,2.0,1,117.0,3542,645,-0.0558,0.1955,0.4091,0.4775,3.9366,9.2e-05,0.000282,NO-BENEFIT (avg_r_after >= 0)
MES,1000,2.0,2,241.0,1247,183,-0.0485,0.3718,0.401,0.5301,3.8618,0.000156,0.000461,NO-BENEFIT (avg_r_after >= 0)
MES,1000,2.0,3,291.0,806,127,-0.0552,0.2148,0.3871,0.4724,1.868,0.064088,0.094152,NO-BENEFIT (avg_r_after >= 0)
MES,1000,2.0,4,302.0,616,118,-0.0644,0.333,0.3782,0.5085,2.7355,0.007199,0.013354,NO-BENEFIT (avg_r_after >= 0)
MES,1000,2.5,1,228.0,3622,564,-0.0804,0.3875,0.3404,0.477,6.2824,0.0,0.0,NO-BENEFIT (avg_r_after >= 0)
MES,1000,2.5,2,332.0,1245,183,-0.043,0.41,0.3454,0.4699,3.6729,0.000315,0.000869,NO-BENEFIT (avg_r_after >= 0)
MES,1000,2.5,3,369.0,799,133,-0.058,0.3191,0.3329,0.4361,2.4324,0.016337,0.027364,NO-BENEFIT (avg_r_after >= 0)
MES,1000,2.5,4,398.0,627,107,-0.0683,0.3692,0.3222,0.4486,2.4934,0.0142,0.024111,NO-BENEFIT (avg_r_after >= 0)
MES,1000,3.0,1,329.0,3677,507,-0.0989,0.5718,0.2926,0.4714,7.6735,0.0,0.0,NO-BENEFIT (avg_r_after >= 0)
MES,1000,3.0,2,410.0,1251,175,-0.0327,0.5908,0.3062,0.4686,4.5689,9e-06,3.5e-05,NO-BENEFIT (avg_r_after >= 0)
MES,1000,3.0,3,411.0,790,139,-0.0635,0.2033,0.2899,0.3525,1.457,0.147392,0.194946,NO-BENEFIT (avg_r_after >= 0)
MES,1000,3.0,4,433.0,624,108,-0.1133,0.4286,0.2692,0.4074,2.5639,0.011737,0.020395,NO-BENEFIT (avg_r_after >= 0)
MES,1000,4.0,1,435.0,3759,419,-0.1431,0.8358,0.2227,0.4415,8.2205,0.0,0.0,NO-BENEFIT (avg_r_after >= 0)
MES,1000,4.0,2,478.0,1260,160,-0.0769,0.8212,0.2333,0.425,4.8571,3e-06,1.3e-05,NO-BENEFIT (avg_r_after >= 0)
MES,1000,4.0,3,528.0,818,108,-0.0441,0.6289,0.2372,0.3796,3.1061,0.002427,0.005087,NO-BENEFIT (avg_r_after >= 0)
MES,1000,4.0,4,529.0,634,91,-0.0753,0.5952,0.2256,0.3626,2.6612,0.009221,0.016758,NO-BENEFIT (avg_r_after >= 0)
MES,1100,1.0,1,31.0,4078,927,-0.1909,-0.1608,0.5581,0.5049,-5.8333,0.0,0.0,SURVIVES — time-stop recommended
MES,1100,1.0,2,50.0,1968,431,-0.1769,-0.1769,0.5452,0.4896,-4.3299,1.9e-05,6.8e-05,SURVIVES — time-stop recommended
MES,1100,1.0,3,65.0,1708,377,-0.2149,-0.1669,0.5082,0.4907,-3.7862,0.000178,0.000518,SURVIVES — time-stop recommended
MES,1100,1.0,4,76.0,1656,361,-0.1861,-0.1054,0.5211,0.5235,-2.3271,0.020512,0.03345,SURVIVES — time-stop recommended
MES,1100,1.0,5,86.0,1557,370,-0.1939,-0.1841,0.5106,0.473,-4.0828,5.5e-05,0.000177,SURVIVES — time-stop recommended
MES,1100,1.5,1,66.0,4398,754,-0.2529,0.0221,0.4125,0.4973,0.5825,0.56043,0.616058,NO-BENEFIT (avg_r_after >= 0)
MES,1100,1.5,2,119.0,2088,341,-0.2402,0.0232,0.4018,0.4868,0.4037,0.686711,0.729496,NO-BENEFIT (avg_r_after >= 0)
MES,1100,1.5,3,140.0,1784,319,-0.2593,-0.0215,0.384,0.4608,-0.3598,0.719241,0.754961,DIRECTIONAL (not significant)
MES,1100,1.5,4,166.0,1703,335,-0.2365,-0.0428,0.3922,0.4448,-0.7276,0.467382,0.533535,DIRECTIONAL (not significant)
MES,1100,1.5,5,184.0,1606,333,-0.2492,-0.1287,0.3811,0.4084,-2.222,0.026954,0.042553,SURVIVES — time-stop recommended
MES,1100,2.0,1,107.0,4480,705,-0.2576,0.1321,0.3438,0.4596,2.8246,0.004868,0.009358,NO-BENEFIT (avg_r_after >= 0)
MES,1100,2.0,2,230.0,2145,286,-0.2558,0.1965,0.3291,0.4755,2.6177,0.009326,0.016878,NO-BENEFIT (avg_r_after >= 0)
MES,1100,2.0,3,258.0,1840,266,-0.2767,0.153,0.313,0.4511,1.9456,0.052764,0.079414,NO-BENEFIT (avg_r_after >= 0)
MES,1100,2.0,4,261.0,1755,284,-0.2517,0.0728,0.3197,0.419,0.9628,0.336491,0.400765,NO-BENEFIT (avg_r_after >= 0)
MES,1100,2.0,5,270.0,1666,274,-0.2527,0.0809,0.3151,0.4234,1.0523,0.293583,0.357699,NO-BENEFIT (avg_r_after >= 0)
MES,1100,2.5,1,190.0,4549,642,-0.28,0.24,0.2853,0.4315,4.2263,2.7e-05,9.4e-05,NO-BENEFIT (avg_r_after >= 0)
MES,1100,2.5,2,293.0,2165,263,-0.2824,0.3172,0.2725,0.4449,3.4623,0.000625,0.001536,NO-BENEFIT (avg_r_after >= 0)
MES,1100,2.5,3,328.0,1881,226,-0.3274,0.3167,0.2493,0.4381,3.1657,0.001761,0.003821,NO-BENEFIT (avg_r_after >= 0)
MES,1100,2.5,4,329.0,1798,238,-0.291,0.2706,0.2603,0.4244,2.7949,0.005618,0.010634,NO-BENEFIT (avg_r_after >= 0)
MES,1100,2.5,5,348.0,1729,209,-0.2983,0.35,0.2545,0.4498,3.3551,0.000943,0.0022,NO-BENEFIT (avg_r_after >= 0)
MES,1100,3.0,1,281.0,4652,538,-0.3064,0.4573,0.2414,0.4424,6.4142,0.0,0.0,NO-BENEFIT (avg_r_after >= 0)
MES,1100,3.0,2,355.0,2204,222,-0.2892,0.6068,0.2359,0.4775,5.3157,0.0,0.0,NO-BENEFIT (avg_r_after >= 0)
MES,1100,3.0,3,357.0,1890,214,-0.3328,0.4076,0.218,0.4112,3.5108,0.000545,0.001385,NO-BENEFIT (avg_r_after >= 0)
MES,1100,3.0,4,388.0,1840,192,-0.3072,0.5555,0.2234,0.4531,4.4578,1.4e-05,5.2e-05,NO-BENEFIT (avg_r_after >= 0)
MES,1100,3.0,5,396.0,1756,178,-0.3137,0.5708,0.2175,0.4551,4.3832,2e-05,7.1e-05,NO-BENEFIT (avg_r_after >= 0)
MES,1100,4.0,1,366.0,4768,417,-0.3333,0.9632,0.185,0.47,9.3028,0.0,0.0,NO-BENEFIT (avg_r_after >= 0)
MES,1100,4.0,2,418.0,2228,197,-0.3148,0.962,0.1822,0.4619,6.3004,0.0,0.0,NO-BENEFIT (avg_r_after >= 0)
MES,1100,4.0,3,472.0,1956,147,-0.3356,1.0863,0.1733,0.483,6.0356,0.0,0.0,NO-BENEFIT (avg_r_after >= 0)
MES,1100,4.0,4,481.0,1881,146,-0.3095,1.1289,0.1792,0.4932,6.2537,0.0,0.0,NO-BENEFIT (avg_r_after >= 0)
MES,1100,4.0,5,513.0,1796,133,-0.3429,1.1715,0.1676,0.4962,6.1111,0.0,0.0,NO-BENEFIT (avg_r_after >= 0)
MES,1800,1.0,1,42.0,4156,975,-0.1603,-0.2085,0.5238,0.4636,-7.6025,0.0,0.0,SURVIVES — time-stop recommended
MES,1800,1.0,2,60.0,1990,445,-0.132,-0.2015,0.5271,0.4607,-4.8886,1e-06,5e-06,SURVIVES — time-stop recommended
MES,1800,1.0,3,75.0,1674,386,-0.1455,-0.1889,0.5108,0.4637,-4.2302,2.9e-05,0.0001,SURVIVES — time-stop recommended
MES,1800,1.0,4,81.0,1576,377,-0.1403,-0.1866,0.5114,0.4615,-4.1029,5e-05,0.000165,SURVIVES — time-stop recommended
MES,1800,1.0,5,85.0,1494,396,-0.1297,-0.2374,0.5134,0.4318,-5.3771,0.0,0.0,SURVIVES — time-stop recommended
MES,1800,1.5,1,78.0,4369,836,-0.1905,-0.0625,0.406,0.4402,-1.7001,0.089493,0.126243,DIRECTIONAL (not significant)
MES,1800,1.5,2,109.0,2065,386,-0.1566,-0.1009,0.4107,0.4171,-1.8543,0.06446,0.094152,SURVIVES — time-stop recommended
MES,1800,1.5,3,132.0,1734,332,-0.1589,-0.0595,0.4031,0.4307,-0.9981,0.318949,0.384189,DIRECTIONAL (not significant)
MES,1800,1.5,4,150.0,1634,328,-0.1447,-0.0335,0.407,0.439,-0.5532,0.580523,0.632523,DIRECTIONAL (not significant)
MES,1800,1.5,5,158.0,1560,333,-0.1578,-0.0825,0.3974,0.4144,-1.374,0.170376,0.221788,DIRECTIONAL (not significant)
MES,1800,2.0,1,121.0,4462,742,-0.2106,0.0329,0.3303,0.407,0.715,0.474864,0.537938,NO-BENEFIT (avg_r_after >= 0)
MES,1800,2.0,2,189.0,2141,310,-0.1813,0.1226,0.333,0.4323,1.6698,0.095963,0.134095,NO-BENEFIT (avg_r_after >= 0)
MES,1800,2.0,3,228.0,1814,247,-0.2181,0.2496,0.3126,0.4737,2.9633,0.003342,0.006775,NO-BENEFIT (avg_r_after >= 0)
MES,1800,2.0,4,226.0,1696,257,-0.1933,0.2289,0.3208,0.463,2.76,0.006199,0.011615,NO-BENEFIT (avg_r_after >= 0)
MES,1800,2.0,5,239.0,1643,244,-0.2226,0.2496,0.3074,0.4631,2.8866,0.004244,0.008353,NO-BENEFIT (avg_r_after >= 0)
MES,1800,2.5,1,198.0,4618,588,-0.2415,0.3278,0.272,0.4473,5.3542,0.0,0.0,NO-BENEFIT (avg_r_after >= 0)
MES,1800,2.5,2,258.0,2215,235,-0.212,0.4645,0.2749,0.4809,4.6562,5e-06,2.1e-05,NO-BENEFIT (avg_r_after >= 0)
MES,1800,2.5,3,296.0,1862,193,-0.2425,0.5869,0.2594,0.513,5.2444,0.0,0.0,NO-BENEFIT (avg_r_after >= 0)
MES,1800,2.5,4,301.0,1761,189,-0.2292,0.6298,0.2618,0.5238,5.5432,0.0,0.0,NO-BENEFIT (avg_r_after >= 0)
MES,1800,2.5,5,306.0,1693,190,-0.2294,0.5718,0.2605,0.5,4.9898,1e-06,5e-06,NO-BENEFIT (avg_r_after >= 0)
MES,1800,3.0,1,247.0,4714,482,-0.2572,0.628,0.234,0.4751,8.0177,0.0,0.0,NO-BENEFIT (avg_r_after >= 0)
MES,1800,3.0,2,319.0,2252,189,-0.2315,0.7646,0.2353,0.5026,5.9579,0.0,0.0,NO-BENEFIT (avg_r_after >= 0)
MES,1800,3.0,3,323.0,1881,171,-0.2513,0.8201,0.2243,0.5146,6.0319,0.0,0.0,NO-BENEFIT (avg_r_after >= 0)
MES,1800,3.0,4,324.0,1774,170,-0.2309,0.8094,0.2283,0.5059,5.8719,0.0,0.0,NO-BENEFIT (avg_r_after >= 0)
MES,1800,3.0,5,333.0,1720,149,-0.24,1.0673,0.2256,0.5705,7.2222,0.0,0.0,NO-BENEFIT (avg_r_after >= 0)
MES,1800,4.0,1,327.0,4823,363,-0.2758,1.1925,0.1823,0.5096,10.504,0.0,0.0,NO-BENEFIT (avg_r_after >= 0)
MES,1800,4.0,2,352.0,2273,155,-0.235,1.2984,0.187,0.5226,7.3125,0.0,0.0,NO-BENEFIT (avg_r_after >= 0)
MES,1800,4.0,3,379.0,1914,122,-0.2619,1.5335,0.1776,0.5656,7.5807,0.0,0.0,NO-BENEFIT (avg_r_after >= 0)
MES,1800,4.0,4,377.0,1793,130,-0.262,1.251,0.1762,0.5,6.3014,0.0,0.0,NO-BENEFIT (avg_r_after >= 0)
MES,1800,4.0,5,383.0,1709,127,-0.2849,1.2272,0.1709,0.4961,6.1196,0.0,0.0,NO-BENEFIT (avg_r_after >= 0)
MES,CME_CLOSE,1.0,1,16.0,2075,496,0.0276,-0.1153,0.612,0.5,-2.8888,0.004037,0.008009,SURVIVES — time-stop recommended
MES,CME_CLOSE,1.0,2,42.0,840,160,0.0291,0.0073,0.606,0.5625,0.1026,0.918391,0.925878,NO-BENEFIT (avg_r_after >= 0)
MES,CME_CLOSE,1.0,3,47.0,626,122,0.0232,0.0117,0.5927,0.5656,0.1448,0.8851,0.898419,NO-BENEFIT (avg_r_after >= 0)
MES,CME_CLOSE,1.0,4,48.0,477,99,-0.0013,-0.0563,0.5765,0.5253,-0.618,0.537979,0.594904,DIRECTIONAL (not significant)
MES,CME_CLOSE,1.0,5,57.0,356,80,0.0012,-0.0421,0.573,0.525,-0.4089,0.683727,0.72787,DIRECTIONAL (not significant)
MES,CME_CLOSE,1.5,1,42.0,1937,314,-0.0623,0.1295,0.4502,0.5191,2.0935,0.037105,0.057002,NO-BENEFIT (avg_r_after >= 0)
MES,CME_CLOSE,1.5,2,51.0,655,117,-0.1125,0.0131,0.426,0.453,0.1265,0.89956,0.908127,NO-BENEFIT (avg_r_after >= 0)
MES,CME_CLOSE,1.5,3,58.0,471,96,-0.1249,-0.0768,0.4119,0.4167,-0.6827,0.496478,0.556475,DIRECTIONAL (not significant)
MES,CME_CLOSE,1.5,4,75.0,365,64,-0.2012,-0.1725,0.3753,0.375,-1.2778,0.206004,0.261291,DIRECTIONAL (not significant)
MES,CME_CLOSE,2.0,1,46.0,1680,257,-0.1708,0.1244,0.3369,0.4358,1.5456,0.123431,0.16652,NO-BENEFIT (avg_r_after >= 0)
MES,CME_CLOSE,2.5,1,61.0,1537,193,-0.3298,0.1538,0.2355,0.3731,1.4198,0.157288,0.206562,NO-BENEFIT (avg_r_after >= 0)
MES,CME_CLOSE,3.0,1,128.0,1479,136,-0.4452,0.3337,0.1717,0.3824,2.2713,0.024709,0.039259,NO-BENEFIT (avg_r_after >= 0)
MES,CME_OPEN,1.0,1,71.0,2284,489,-0.1371,-0.0625,0.5328,0.5337,-1.5665,0.117868,0.160473,DIRECTIONAL (not significant)
MES,CME_OPEN,1.0,2,103.0,997,217,-0.091,-0.1165,0.5527,0.4977,-1.9201,0.056165,0.083684,SURVIVES — time-stop recommended
MES,CME_OPEN,1.0,3,107.0,790,183,-0.1109,-0.1462,0.5354,0.4809,-2.2135,0.028103,0.044085,SURVIVES — time-stop recommended
MES,CME_OPEN,1.0,4,149.0,676,156,-0.1229,-0.0722,0.5207,0.5192,-1.0029,0.317479,0.383664,DIRECTIONAL (not significant)
MES,CME_OPEN,1.0,5,171.0,631,137,-0.115,-0.0669,0.5198,0.5182,-0.865,0.388574,0.453336,DIRECTIONAL (not significant)
MES,CME_OPEN,1.5,1,184.0,2107,343,-0.2436,0.0607,0.3721,0.481,1.0151,0.310791,0.377425,NO-BENEFIT (avg_r_after >= 0)
MES,CME_OPEN,1.5,2,271.0,936,157,-0.1743,0.1184,0.3996,0.5032,1.3262,0.186716,0.238868,NO-BENEFIT (avg_r_after >= 0)
MES,CME_OPEN,1.5,3,306.0,750,122,-0.2254,0.0675,0.3707,0.4754,0.6599,0.510597,0.568863,NO-BENEFIT (avg_r_after >= 0)
MES,CME_OPEN,1.5,4,397.0,641,112,-0.2476,0.0466,0.3573,0.4643,0.4358,0.663841,0.708734,NO-BENEFIT (avg_r_after >= 0)
MES,CME_OPEN,1.5,5,417.0,600,103,-0.1846,0.0758,0.3833,0.4757,0.6765,0.500271,0.559312,NO-BENEFIT (avg_r_after >= 0)
MES,CME_OPEN,2.0,1,376.0,2018,274,-0.3109,0.2509,0.2825,0.4745,3.1366,0.001896,0.004102,NO-BENEFIT (avg_r_after >= 0)
MES,CME_OPEN,2.0,2,446.0,903,128,-0.2296,0.2894,0.3112,0.4844,2.4429,0.015944,0.026826,NO-BENEFIT (avg_r_after >= 0)
MES,CME_OPEN,2.0,3,464.0,736,107,-0.2667,0.3398,0.2935,0.4953,2.5795,0.011265,0.01976,NO-BENEFIT (avg_r_after >= 0)
MES,CME_OPEN,2.0,4,491.0,633,103,-0.2293,0.1572,0.3049,0.4272,1.1813,0.240223,0.298763,NO-BENEFIT (avg_r_after >= 0)
MES,CME_OPEN,2.0,5,483.0,589,100,-0.2018,0.1096,0.3124,0.41,0.8173,0.415694,0.480444,NO-BENEFIT (avg_r_after >= 0)
MES,CME_OPEN,2.5,1,496.0,1992,240,-0.3614,0.3299,0.2244,0.4292,3.3142,0.001062,0.002447,NO-BENEFIT (avg_r_after >= 0)
MES,CME_OPEN,2.5,2,578.0,902,109,-0.265,0.2839,0.2539,0.4128,1.9227,0.057156,0.08482,NO-BENEFIT (avg_r_after >= 0)
MES,CME_OPEN,2.5,3,558.0,726,101,-0.3052,0.2756,0.2383,0.4059,1.7818,0.077821,0.110619,NO-BENEFIT (avg_r_after >= 0)
MES,CME_OPEN,2.5,4,586.0,633,91,-0.2665,0.2575,0.248,0.3956,1.5689,0.12019,0.163037,NO-BENEFIT (avg_r_after >= 0)
MES,CME_OPEN,2.5,5,607.0,590,87,-0.2499,0.1763,0.2508,0.3678,1.0587,0.292695,0.357203,NO-BENEFIT (avg_r_after >= 0)
MES,CME_OPEN,3.0,1,581.0,1990,210,-0.3834,0.4003,0.1894,0.3952,3.3337,0.001014,0.002344,NO-BENEFIT (avg_r_after >= 0)
MES,CME_OPEN,3.0,2,647.0,896,98,-0.3075,0.3471,0.2098,0.3776,1.9731,0.051334,0.077576,NO-BENEFIT (avg_r_after >= 0)
MES,CME_OPEN,3.0,3,622.0,730,92,-0.3187,0.3321,0.2041,0.3696,1.8181,0.072338,0.104021,NO-BENEFIT (avg_r_after >= 0)
MES,CME_OPEN,3.0,4,719.0,644,70,-0.283,0.6521,0.2112,0.4571,3.0021,0.003731,0.007523,NO-BENEFIT (avg_r_after >= 0)
MES,CME_OPEN,3.0,5,747.0,594,73,-0.2499,0.3827,0.2189,0.3836,1.8496,0.068469,0.099421,NO-BENEFIT (avg_r_after >= 0)
MES,CME_OPEN,4.0,1,745.0,1974,173,-0.4149,0.6816,0.1434,0.3815,4.1642,4.9e-05,0.000163,NO-BENEFIT (avg_r_after >= 0)
MES,CME_OPEN,4.0,2,835.0,890,81,-0.3449,0.6269,0.1584,0.3704,2.6368,0.010051,0.017885,NO-BENEFIT (avg_r_after >= 0)
MES,CME_OPEN,4.0,3,862.0,740,61,-0.4029,0.8333,0.1432,0.4098,2.9275,0.004822,0.009293,NO-BENEFIT (avg_r_after >= 0)
MES,CME_OPEN,4.0,4,883.0,654,49,-0.293,1.0244,0.1667,0.449,3.1567,0.002756,0.005649,NO-BENEFIT (avg_r_after >= 0)
MES,CME_OPEN,4.0,5,885.0,603,54,-0.3268,0.7381,0.1575,0.3889,2.4607,0.017159,0.028547,NO-BENEFIT (avg_r_after >= 0)
MES,US_DATA_OPEN,1.0,1,45.0,3591,942,-0.1066,-0.1329,0.5569,0.4735,-4.4411,1e-05,3.9e-05,SURVIVES — time-stop recommended
MES,US_DATA_OPEN,1.0,2,50.0,1783,415,-0.1269,-0.1161,0.53,0.4771,-2.5441,0.011318,0.01976,SURVIVES — time-stop recommended
MES,US_DATA_OPEN,1.0,3,51.0,1563,363,-0.1483,-0.1171,0.5086,0.4766,-2.4002,0.016889,0.028161,SURVIVES — time-stop recommended
MES,US_DATA_OPEN,1.0,4,52.0,1479,340,-0.1328,-0.0565,0.5159,0.5059,-1.1123,0.266816,0.329413,DIRECTIONAL (not significant)
MES,US_DATA_OPEN,1.0,5,53.0,1428,321,-0.1385,-0.0402,0.507,0.5109,-0.764,0.445403,0.510802,DIRECTIONAL (not significant)
MES,US_DATA_OPEN,1.5,1,54.0,3722,815,-0.1508,-0.0526,0.428,0.416,-1.3298,0.183961,0.236567,DIRECTIONAL (not significant)
MES,US_DATA_OPEN,1.5,2,59.0,1820,351,-0.1743,0.0144,0.4044,0.4416,0.2359,0.813683,0.836223,NO-BENEFIT (avg_r_after >= 0)
MES,US_DATA_OPEN,1.5,3,63.0,1600,303,-0.1943,-0.0106,0.3888,0.429,-0.161,0.872208,0.889413,DIRECTIONAL (not significant)
MES,US_DATA_OPEN,1.5,4,64.0,1494,297,-0.1922,-0.0225,0.3862,0.4242,-0.3384,0.735315,0.76954,DIRECTIONAL (not significant)
MES,US_DATA_OPEN,1.5,5,69.0,1450,275,-0.1987,0.0245,0.3786,0.4436,0.3528,0.724473,0.759264,NO-BENEFIT (avg_r_after >= 0)
MES,US_DATA_OPEN,2.0,1,61.0,3777,722,-0.1798,0.0718,0.3466,0.3961,1.4488,0.147826,0.195172,NO-BENEFIT (avg_r_after >= 0)
MES,US_DATA_OPEN,2.0,2,71.0,1840,308,-0.1932,0.1633,0.331,0.4286,2.12,0.034808,0.053894,NO-BENEFIT (avg_r_after >= 0)
MES,US_DATA_OPEN,2.0,3,79.0,1621,256,-0.2129,0.184,0.3183,0.4336,2.1638,0.031408,0.049063,NO-BENEFIT (avg_r_after >= 0)
MES,US_DATA_OPEN,2.0,4,76.0,1505,260,-0.2255,0.0838,0.3096,0.3962,1.0041,0.316271,0.382854,NO-BENEFIT (avg_r_after >= 0)
MES,US_DATA_OPEN,2.0,5,87.0,1458,235,-0.2379,0.1395,0.3018,0.417,1.5776,0.116013,0.15853,NO-BENEFIT (avg_r_after >= 0)
MES,US_DATA_OPEN,2.5,1,73.0,3851,619,-0.2007,0.1941,0.2895,0.3813,3.1545,0.001686,0.003669,NO-BENEFIT (avg_r_after >= 0)
MES,US_DATA_OPEN,2.5,2,86.0,1870,262,-0.2136,0.2892,0.2775,0.4084,2.9994,0.002967,0.006048,NO-BENEFIT (avg_r_after >= 0)
MES,US_DATA_OPEN,2.5,3,96.0,1637,224,-0.2382,0.2992,0.2639,0.4107,2.8625,0.004603,0.008894,NO-BENEFIT (avg_r_after >= 0)
MES,US_DATA_OPEN,2.5,4,99.0,1532,214,-0.2471,0.2779,0.2591,0.4019,2.5933,0.010165,0.018044,NO-BENEFIT (avg_r_after >= 0)
MES,US_DATA_OPEN,2.5,5,110.0,1464,203,-0.2716,0.2583,0.248,0.3941,2.3455,0.01997,0.03271,NO-BENEFIT (avg_r_after >= 0)
MES,US_DATA_OPEN,3.0,1,82.0,3880,555,-0.2253,0.3561,0.2472,0.382,4.8375,2e-06,9e-06,NO-BENEFIT (avg_r_after >= 0)
MES,US_DATA_OPEN,3.0,2,101.0,1867,241,-0.2431,0.3881,0.2351,0.3859,3.4226,0.000729,0.001751,NO-BENEFIT (avg_r_after >= 0)
MES,US_DATA_OPEN,3.0,3,109.0,1630,204,-0.2653,0.3775,0.2245,0.3824,3.0646,0.002476,0.005175,NO-BENEFIT (avg_r_after >= 0)
MES,US_DATA_OPEN,3.0,4,115.0,1519,202,-0.2661,0.288,0.2225,0.3564,2.3515,0.019667,0.032357,NO-BENEFIT (avg_r_after >= 0)
MES,US_DATA_OPEN,3.0,5,127.0,1465,182,-0.2873,0.3783,0.213,0.3791,2.8757,0.004515,0.00877,NO-BENEFIT (avg_r_after >= 0)
MES,US_DATA_OPEN,4.0,1,106.0,3916,449,-0.2989,0.5008,0.1795,0.3408,5.0557,1e-06,5e-06,NO-BENEFIT (avg_r_after >= 0)
MES,US_DATA_OPEN,4.0,2,135.0,1880,189,-0.3305,0.669,0.167,0.3757,4.2471,3.4e-05,0.000116,NO-BENEFIT (avg_r_after >= 0)
MES,US_DATA_OPEN,4.0,3,153.0,1642,158,-0.3389,0.6081,0.1626,0.3544,3.5021,0.000601,0.001496,NO-BENEFIT (avg_r_after >= 0)
MES,US_DATA_OPEN,4.0,4,187.0,1560,136,-0.3232,0.797,0.1647,0.3971,4.1704,5.4e-05,0.000175,NO-BENEFIT (avg_r_after >= 0)
MES,US_DATA_OPEN,4.0,5,196.0,1472,138,-0.3636,0.6476,0.1535,0.3623,3.4593,0.000722,0.001751,NO-BENEFIT (avg_r_after >= 0)
MES,US_EQUITY_OPEN,1.0,1,46.0,3843,835,-0.0575,-0.0149,0.5209,0.5377,-0.4695,0.63881,0.684967,DIRECTIONAL (not significant)
MES,US_EQUITY_OPEN,1.0,2,68.0,1853,381,-0.0408,-0.0336,0.5246,0.5197,-0.7029,0.482545,0.544975,DIRECTIONAL (not significant)
MES,US_EQUITY_OPEN,1.0,3,85.0,1576,337,-0.0655,-0.0015,0.507,0.5371,-0.0299,0.976189,0.980152,DIRECTIONAL (not significant)
MES,US_EQUITY_OPEN,1.0,4,102.0,1496,317,-0.0587,0.0213,0.5094,0.5489,0.4082,0.683405,0.72787,NO-BENEFIT (avg_r_after >= 0)
MES,US_EQUITY_OPEN,1.0,5,107.0,1397,320,-0.0513,-0.034,0.5111,0.5188,-0.6524,0.514641,0.572509,DIRECTIONAL (not significant)
MES,US_EQUITY_OPEN,1.5,1,90.0,3940,700,-0.0757,0.2236,0.4089,0.5343,5.1635,0.0,0.0,NO-BENEFIT (avg_r_after >= 0)
MES,US_EQUITY_OPEN,1.5,2,140.0,1888,300,-0.0766,0.2513,0.4041,0.54,3.7549,0.000208,0.000591,NO-BENEFIT (avg_r_after >= 0)
MES,US_EQUITY_OPEN,1.5,3,184.0,1595,250,-0.0994,0.3684,0.3918,0.588,5.0651,1e-06,5e-06,NO-BENEFIT (avg_r_after >= 0)
MES,US_EQUITY_OPEN,1.5,4,194.0,1486,237,-0.1129,0.2893,0.3843,0.5527,3.825,0.000167,0.000492,NO-BENEFIT (avg_r_after >= 0)
MES,US_EQUITY_OPEN,1.5,5,219.0,1418,215,-0.0909,0.3588,0.3914,0.5814,4.5441,9e-06,3.5e-05,NO-BENEFIT (avg_r_after >= 0)
MES,US_EQUITY_OPEN,2.0,1,157.0,3986,563,-0.0925,0.499,0.3349,0.5435,8.5989,0.0,0.0,NO-BENEFIT (avg_r_after >= 0)
MES,US_EQUITY_OPEN,2.0,2,217.0,1878,239,-0.1062,0.5603,0.3259,0.5607,6.2478,0.0,0.0,NO-BENEFIT (avg_r_after >= 0)
MES,US_EQUITY_OPEN,2.0,3,259.0,1553,191,-0.1437,0.5922,0.3104,0.5707,5.8997,0.0,0.0,NO-BENEFIT (avg_r_after >= 0)
MES,US_EQUITY_OPEN,2.0,4,261.0,1443,186,-0.1577,0.5159,0.3042,0.543,5.0367,1e-06,5e-06,NO-BENEFIT (avg_r_after >= 0)
MES,US_EQUITY_OPEN,2.0,5,277.0,1346,171,-0.1598,0.4916,0.3024,0.5322,4.5774,9e-06,3.5e-05,NO-BENEFIT (avg_r_after >= 0)
MES,US_EQUITY_OPEN,2.5,1,211.0,3929,471,-0.1391,0.7528,0.2726,0.5456,10.1859,0.0,0.0,NO-BENEFIT (avg_r_after >= 0)
MES,US_EQUITY_OPEN,2.5,2,282.0,1828,182,-0.1839,0.7643,0.2555,0.544,6.3534,0.0,0.0,NO-BENEFIT (avg_r_after >= 0)
MES,US_EQUITY_OPEN,2.5,3,292.0,1483,159,-0.2436,0.6074,0.2347,0.4969,4.7085,5e-06,2.1e-05,NO-BENEFIT (avg_r_after >= 0)
MES,US_EQUITY_OPEN,2.5,4,272.0,1363,160,-0.2438,0.457,0.234,0.45,3.571,0.000471,0.001226,NO-BENEFIT (avg_r_after >= 0)
MES,US_EQUITY_OPEN,2.5,5,285.0,1266,151,-0.2278,0.463,0.2385,0.4503,3.5015,0.00061,0.001511,NO-BENEFIT (avg_r_after >= 0)
MES,US_EQUITY_OPEN,3.0,1,264.0,3854,398,-0.2065,0.916,0.2198,0.5201,9.8962,0.0,0.0,NO-BENEFIT (avg_r_after >= 0)
MES,US_EQUITY_OPEN,3.0,2,295.0,1753,171,-0.2653,0.7161,0.2014,0.462,5.0352,1e-06,5e-06,NO-BENEFIT (avg_r_after >= 0)
MES,US_EQUITY_OPEN,3.0,3,313.0,1434,130,-0.3233,0.7644,0.1841,0.4769,4.6873,7e-06,2.9e-05,NO-BENEFIT (avg_r_after >= 0)
MES,US_EQUITY_OPEN,3.0,4,304.0,1315,132,-0.3198,0.469,0.1848,0.3939,2.9414,0.003864,0.007721,NO-BENEFIT (avg_r_after >= 0)
MES,US_EQUITY_OPEN,3.0,5,314.0,1219,119,-0.3429,0.6332,0.178,0.437,3.7042,0.000324,0.00089,NO-BENEFIT (avg_r_after >= 0)
MES,US_EQUITY_OPEN,4.0,1,287.0,3630,336,-0.3388,0.8664,0.1471,0.4107,7.0718,0.0,0.0,NO-BENEFIT (avg_r_after >= 0)
MES,US_EQUITY_OPEN,4.0,2,327.0,1657,119,-0.427,1.0091,0.1261,0.437,4.7948,5e-06,2.1e-05,NO-BENEFIT (avg_r_after >= 0)
MES,US_EQUITY_OPEN,4.0,3,318.0,1334,112,-0.4925,0.4849,0.1109,0.3214,2.3646,0.019787,0.032482,NO-BENEFIT (avg_r_after >= 0)
MES,US_EQUITY_OPEN,4.0,4,301.0,1223,126,-0.4408,0.244,0.1218,0.2698,1.331,0.185611,0.238276,NO-BENEFIT (avg_r_after >= 0)
MES,US_EQUITY_OPEN,4.0,5,327.0,1135,90,-0.5426,0.4493,0.0996,0.3111,1.9647,0.052573,0.079287,NO-BENEFIT (avg_r_after >= 0)
MES,US_POST_EQUITY,1.0,1,43.0,2991,670,-0.0732,-0.1145,0.5326,0.4821,-3.2181,0.001353,0.003033,SURVIVES — time-stop recommended
MES,US_POST_EQUITY,1.0,2,67.0,1430,298,-0.0595,-0.1189,0.5364,0.4765,-2.2142,0.027577,0.043444,SURVIVES — time-stop recommended
MES,US_POST_EQUITY,1.0,3,77.0,1173,271,-0.0512,-0.1048,0.5354,0.4834,-1.8574,0.06435,0.094152,SURVIVES — time-stop recommended
MES,US_POST_EQUITY,1.0,4,88.0,1101,243,-0.0355,-0.0283,0.5422,0.5226,-0.4739,0.635981,0.68292,DIRECTIONAL (not significant)
MES,US_POST_EQUITY,1.0,5,95.0,1021,237,-0.0375,-0.0236,0.5377,0.5232,-0.3891,0.697558,0.736256,DIRECTIONAL (not significant)
MES,US_POST_EQUITY,1.5,1,80.0,3085,553,-0.1182,0.1404,0.4078,0.4973,2.8718,0.004238,0.008353,NO-BENEFIT (avg_r_after >= 0)
MES,US_POST_EQUITY,1.5,2,129.0,1477,222,-0.1249,0.2024,0.4008,0.518,2.5909,0.010211,0.018082,NO-BENEFIT (avg_r_after >= 0)
MES,US_POST_EQUITY,1.5,3,140.0,1202,201,-0.0941,0.1767,0.411,0.5075,2.1509,0.032686,0.050845,NO-BENEFIT (avg_r_after >= 0)
MES,US_POST_EQUITY,1.5,4,173.0,1126,173,-0.0889,0.2729,0.4103,0.5491,3.0946,0.002301,0.00485,NO-BENEFIT (avg_r_after >= 0)
MES,US_POST_EQUITY,1.5,5,177.0,1035,169,-0.0965,0.2778,0.4048,0.5503,3.1087,0.002207,0.004692,NO-BENEFIT (avg_r_after >= 0)
MES,US_POST_EQUITY,2.0,1,120.0,3118,458,-0.1468,0.3041,0.3294,0.476,4.7417,3e-06,1.3e-05,NO-BENEFIT (avg_r_after >= 0)
MES,US_POST_EQUITY,2.0,2,201.0,1489,168,-0.1476,0.476,0.3251,0.5357,4.4633,1.5e-05,5.5e-05,NO-BENEFIT (avg_r_after >= 0)
MES,US_POST_EQUITY,2.0,3,212.0,1196,159,-0.1468,0.3563,0.3236,0.4906,3.2324,0.001494,0.003319,NO-BENEFIT (avg_r_after >= 0)
MES,US_POST_EQUITY,2.0,4,203.0,1088,151,-0.0985,0.3242,0.3392,0.4834,2.8897,0.004428,0.008646,NO-BENEFIT (avg_r_after >= 0)
MES,US_POST_EQUITY,2.0,5,221.0,996,146,-0.1536,0.2618,0.3173,0.4589,2.2953,0.023151,0.037182,NO-BENEFIT (avg_r_after >= 0)
MES,US_POST_EQUITY,2.5,1,175.0,3143,379,-0.1601,0.5333,0.2784,0.4828,6.5169,0.0,0.0,NO-BENEFIT (avg_r_after >= 0)
MES,US_POST_EQUITY,2.5,2,233.0,1446,150,-0.1844,0.5706,0.2676,0.4933,4.362,2.4e-05,8.4e-05,NO-BENEFIT (avg_r_after >= 0)
MES,US_POST_EQUITY,2.5,3,245.0,1162,133,-0.2092,0.5642,0.2582,0.4887,4.0368,9.1e-05,0.00028,NO-BENEFIT (avg_r_after >= 0)
MES,US_POST_EQUITY,2.5,4,243.0,1055,126,-0.1723,0.4987,0.2682,0.4683,3.4756,0.000701,0.001705,NO-BENEFIT (avg_r_after >= 0)
MES,US_POST_EQUITY,2.5,5,264.0,973,108,-0.2246,0.4771,0.2497,0.463,3.0914,0.00254,0.005264,NO-BENEFIT (avg_r_after >= 0)
MES,US_POST_EQUITY,3.0,1,224.0,3122,318,-0.2131,0.7424,0.229,0.4843,7.3265,0.0,0.0,NO-BENEFIT (avg_r_after >= 0)
MES,US_POST_EQUITY,3.0,2,271.0,1428,118,-0.2571,0.6796,0.2136,0.4661,4.0727,8.5e-05,0.000265,NO-BENEFIT (avg_r_after >= 0)
MES,US_POST_EQUITY,3.0,3,272.0,1143,104,-0.2755,0.6339,0.2073,0.4519,3.5603,0.000562,0.001423,NO-BENEFIT (avg_r_after >= 0)
MES,US_POST_EQUITY,3.0,4,291.0,1048,86,-0.2338,0.8226,0.2185,0.5,4.146,8e-05,0.000252,NO-BENEFIT (avg_r_after >= 0)
MES,US_POST_EQUITY,3.0,5,290.0,947,84,-0.2918,0.6357,0.2006,0.4524,3.2049,0.001918,0.004137,NO-BENEFIT (avg_r_after >= 0)
MES,US_POST_EQUITY,4.0,1,278.0,3064,228,-0.3012,1.1699,0.1632,0.4868,7.8689,0.0,0.0,NO-BENEFIT (avg_r_after >= 0)
MES,US_POST_EQUITY,4.0,2,305.0,1372,95,-0.342,1.0533,0.1516,0.4632,4.6011,1.3e-05,4.9e-05,NO-BENEFIT (avg_r_after >= 0)
MES,US_POST_EQUITY,4.0,3,317.0,1102,71,-0.4042,1.0014,0.137,0.4507,3.7726,0.000335,0.000917,NO-BENEFIT (avg_r_after >= 0)
MES,US_POST_EQUITY,4.0,4,308.0,983,68,-0.405,0.6782,0.1353,0.3824,2.5766,0.012186,0.020979,NO-BENEFIT (avg_r_after >= 0)
MES,US_POST_EQUITY,4.0,5,317.0,896,61,-0.4517,0.8531,0.125,0.4098,2.9584,0.004419,0.008646,NO-BENEFIT (avg_r_after >= 0)
MGC,0030,1.0,1,34.0,1647,364,-0.4248,-0.2982,0.4778,0.5137,-8.1289,0.0,0.0,SURVIVES — time-stop recommended
MGC,0030,1.0,2,47.0,797,197,-0.3751,-0.2979,0.4881,0.4822,-5.6542,0.0,0.0,SURVIVES — time-stop recommended
MGC,0030,1.0,3,57.0,768,192,-0.3445,-0.2873,0.4948,0.4948,-5.4288,0.0,0.0,SURVIVES — time-stop recommended
MGC,0030,1.0,4,67.0,763,184,-0.3289,-0.2419,0.5007,0.5163,-4.3921,1.9e-05,6.8e-05,SURVIVES — time-stop recommended
MGC,0030,1.0,5,71.0,728,183,-0.3249,-0.2856,0.4918,0.4863,-5.1698,1e-06,5e-06,SURVIVES — time-stop recommended
MGC,0030,1.5,1,62.0,1735,282,-0.443,-0.0906,0.3723,0.5355,-1.7448,0.082117,0.11628,DIRECTIONAL (not significant)
MGC,0030,1.5,2,89.0,819,148,-0.3972,-0.0913,0.3773,0.5068,-1.2104,0.228072,0.285378,DIRECTIONAL (not significant)
MGC,0030,1.5,3,103.0,772,150,-0.3663,-0.099,0.3873,0.4933,-1.3048,0.193984,0.247313,DIRECTIONAL (not significant)
MGC,0030,1.5,4,115.0,748,147,-0.3762,-0.141,0.3743,0.4762,-1.8567,0.065365,0.095287,SURVIVES — time-stop recommended
MGC,0030,1.5,5,117.0,717,148,-0.3794,-0.1965,0.3654,0.4392,-2.5883,0.010613,0.018661,SURVIVES — time-stop recommended
MGC,0030,2.0,1,82.0,1705,277,-0.4506,-0.0688,0.3073,0.4657,-1.1161,0.265334,0.32813,DIRECTIONAL (not significant)
MGC,0030,2.0,2,122.0,809,128,-0.4075,0.0151,0.309,0.4844,0.1587,0.874169,0.889758,NO-BENEFIT (avg_r_after >= 0)
MGC,0030,2.0,3,138.0,753,128,-0.3935,-0.0257,0.3081,0.4531,-0.2639,0.792296,0.818779,DIRECTIONAL (not significant)
MGC,0030,2.0,4,149.0,723,127,-0.4084,-0.0946,0.296,0.4173,-0.9734,0.332207,0.396298,DIRECTIONAL (not significant)
MGC,0030,2.0,5,150.0,691,129,-0.4034,-0.1569,0.2952,0.3876,-1.6429,0.102863,0.142662,DIRECTIONAL (not significant)
MGC,0030,2.5,1,119.0,1714,213,-0.4782,0.1461,0.2526,0.4977,1.7952,0.074044,0.105859,NO-BENEFIT (avg_r_after >= 0)
MGC,0030,2.5,2,153.0,792,112,-0.4434,0.019,0.2487,0.4286,0.1661,0.868347,0.887484,NO-BENEFIT (avg_r_after >= 0)
MGC,0030,2.5,3,166.0,736,103,-0.4498,0.0743,0.2418,0.4272,0.5925,0.554804,0.610778,NO-BENEFIT (avg_r_after >= 0)
MGC,0030,2.5,4,182.0,728,94,-0.4366,0.1493,0.2418,0.4574,1.131,0.260977,0.32328,NO-BENEFIT (avg_r_after >= 0)
MGC,0030,2.5,5,185.0,691,89,-0.4439,0.1278,0.2359,0.4494,0.941,0.349258,0.413316,NO-BENEFIT (avg_r_after >= 0)
MGC,0030,3.0,1,142.0,1697,189,-0.4922,0.2467,0.2157,0.4815,2.5357,0.012036,0.020769,NO-BENEFIT (avg_r_after >= 0)
MGC,0030,3.0,2,179.0,784,83,-0.4932,0.2144,0.199,0.4578,1.4377,0.154333,0.203041,NO-BENEFIT (avg_r_after >= 0)
MGC,0030,3.0,3,178.0,722,88,-0.4885,0.0963,0.1953,0.3977,0.6517,0.516319,0.573516,NO-BENEFIT (avg_r_after >= 0)
MGC,0030,3.0,4,184.0,694,87,-0.4808,0.0589,0.196,0.3793,0.396,0.693102,0.73364,NO-BENEFIT (avg_r_after >= 0)
MGC,0030,3.0,5,200.0,664,73,-0.5107,0.1572,0.1837,0.411,0.9472,0.346729,0.410979,NO-BENEFIT (avg_r_after >= 0)
MGC,0030,4.0,1,175.0,1654,142,-0.5409,0.3934,0.156,0.4437,2.8878,0.004492,0.008748,NO-BENEFIT (avg_r_after >= 0)
MGC,0030,4.0,2,188.0,743,68,-0.5844,0.1521,0.1346,0.3529,0.7836,0.436025,0.501598,NO-BENEFIT (avg_r_after >= 0)
MGC,0030,4.0,3,207.0,692,63,-0.6068,0.0792,0.1228,0.3333,0.403,0.688341,0.729641,NO-BENEFIT (avg_r_after >= 0)
MGC,0030,4.0,4,218.0,668,55,-0.604,0.2469,0.1228,0.3636,1.0763,0.286586,0.350902,NO-BENEFIT (avg_r_after >= 0)
MGC,0900,1.0,1,38.0,4153,908,-0.4077,-0.3004,0.6003,0.5463,-13.4258,0.0,0.0,SURVIVES — time-stop recommended
MGC,0900,1.0,2,48.0,1857,352,-0.3575,-0.2917,0.6064,0.5227,-7.7039,0.0,0.0,SURVIVES — time-stop recommended
MGC,0900,1.0,3,52.0,1612,317,-0.3693,-0.2476,0.5819,0.5457,-6.1355,0.0,0.0,SURVIVES — time-stop recommended
MGC,0900,1.0,4,52.0,1459,322,-0.333,-0.2707,0.6011,0.5186,-6.6353,0.0,0.0,SURVIVES — time-stop recommended
MGC,0900,1.0,5,54.0,1407,297,-0.3312,-0.2603,0.5899,0.5286,-6.1815,0.0,0.0,SURVIVES — time-stop recommended
MGC,0900,1.5,1,60.0,4289,855,-0.456,-0.1611,0.4528,0.5076,-5.415,0.0,0.0,SURVIVES — time-stop recommended
MGC,0900,1.5,2,76.0,1873,341,-0.397,-0.1418,0.4613,0.4897,-2.8659,0.004417,0.008646,SURVIVES — time-stop recommended
MGC,0900,1.5,3,82.0,1645,285,-0.3857,-0.1485,0.4523,0.4807,-2.7251,0.006828,0.012698,SURVIVES — time-stop recommended
MGC,0900,1.5,4,91.0,1497,275,-0.384,-0.0852,0.4489,0.5127,-1.5287,0.127499,0.171696,DIRECTIONAL (not significant)
MGC,0900,1.5,5,90.0,1433,272,-0.3793,-0.1224,0.4438,0.489,-2.1737,0.030592,0.047889,SURVIVES — time-stop recommended
MGC,0900,2.0,1,91.0,4423,725,-0.4755,-0.0004,0.3676,0.491,-0.0108,0.991413,0.991413,DIRECTIONAL (not significant)
MGC,0900,2.0,2,107.0,1929,277,-0.3996,0.0922,0.3826,0.5162,1.3911,0.165317,0.21596,NO-BENEFIT (avg_r_after >= 0)
MGC,0900,2.0,3,116.0,1693,233,-0.4088,0.0737,0.3674,0.4936,0.9989,0.318873,0.384189,NO-BENEFIT (avg_r_after >= 0)
MGC,0900,2.0,4,118.0,1555,216,-0.4081,0.1724,0.3582,0.5417,2.2597,0.024842,0.039386,NO-BENEFIT (avg_r_after >= 0)
MGC,0900,2.0,5,128.0,1482,217,-0.3986,0.102,0.3563,0.5207,1.3641,0.173952,0.225651,NO-BENEFIT (avg_r_after >= 0)
MGC,0900,2.5,1,113.0,4555,610,-0.4813,0.2065,0.3102,0.5,4.049,5.8e-05,0.000185,NO-BENEFIT (avg_r_after >= 0)
MGC,0900,2.5,2,134.0,1978,231,-0.411,0.2531,0.3185,0.4935,2.9148,0.003911,0.00778,NO-BENEFIT (avg_r_after >= 0)
MGC,0900,2.5,3,154.0,1727,199,-0.4163,0.2843,0.3092,0.5075,3.0621,0.002503,0.005217,NO-BENEFIT (avg_r_after >= 0)
MGC,0900,2.5,4,171.0,1580,191,-0.4213,0.3188,0.2981,0.5183,3.3627,0.000933,0.002184,NO-BENEFIT (avg_r_after >= 0)
MGC,0900,2.5,5,162.0,1486,205,-0.4064,0.1503,0.3015,0.4634,1.6891,0.092734,0.130319,NO-BENEFIT (avg_r_after >= 0)
MGC,0900,3.0,1,136.0,4636,522,-0.4869,0.319,0.2666,0.4904,5.1904,0.0,0.0,NO-BENEFIT (avg_r_after >= 0)
MGC,0900,3.0,2,163.0,1984,219,-0.4263,0.343,0.2747,0.4612,3.3918,0.000825,0.00195,NO-BENEFIT (avg_r_after >= 0)
MGC,0900,3.0,3,209.0,1741,183,-0.4312,0.3803,0.2671,0.4809,3.472,0.000645,0.00158,NO-BENEFIT (avg_r_after >= 0)
MGC,0900,3.0,4,227.0,1586,178,-0.4619,0.3331,0.2478,0.4719,3.056,0.00259,0.005338,NO-BENEFIT (avg_r_after >= 0)
MGC,0900,3.0,5,267.0,1524,165,-0.4385,0.3764,0.2487,0.4848,3.2937,0.001211,0.00274,NO-BENEFIT (avg_r_after >= 0)
MGC,0900,4.0,1,215.0,4708,443,-0.5059,0.6191,0.209,0.4808,7.4547,0.0,0.0,NO-BENEFIT (avg_r_after >= 0)
MGC,0900,4.0,2,300.0,2016,184,-0.4465,0.4294,0.2148,0.4076,3.258,0.001338,0.003008,NO-BENEFIT (avg_r_after >= 0)
MGC,0900,4.0,3,338.0,1755,161,-0.4553,0.4816,0.2051,0.4224,3.4166,0.000804,0.001906,NO-BENEFIT (avg_r_after >= 0)
MGC,0900,4.0,4,394.0,1613,145,-0.4786,0.6125,0.1922,0.4552,4.0272,9.1e-05,0.00028,NO-BENEFIT (avg_r_after >= 0)
MGC,0900,4.0,5,402.0,1540,141,-0.4578,0.558,0.1935,0.4397,3.6405,0.000382,0.00102,NO-BENEFIT (avg_r_after >= 0)
MGC,1000,1.0,1,32.0,5356,844,-0.3646,-0.1363,0.5765,0.6528,-5.9489,0.0,0.0,SURVIVES — time-stop recommended
MGC,1000,1.0,2,44.0,1812,309,-0.3285,-0.1471,0.5712,0.6214,-3.6965,0.000259,0.00072,SURVIVES — time-stop recommended
MGC,1000,1.0,3,45.0,1143,212,-0.3111,-0.157,0.5696,0.5991,-3.1838,0.001673,0.003651,SURVIVES — time-stop recommended
MGC,1000,1.0,4,48.0,938,179,-0.2851,-0.216,0.5757,0.5475,-3.9048,0.000134,0.000401,SURVIVES — time-stop recommended
MGC,1000,1.5,1,53.0,5316,879,-0.3708,-0.1101,0.4607,0.5336,-3.7507,0.000188,0.000545,SURVIVES — time-stop recommended
MGC,1000,1.5,2,62.0,1798,282,-0.3232,-0.122,0.4583,0.5142,-2.3033,0.021994,0.035555,SURVIVES — time-stop recommended
MGC,1000,1.5,3,66.0,1155,180,-0.3131,-0.098,0.4485,0.5278,-1.4786,0.141006,0.187503,DIRECTIONAL (not significant)
MGC,1000,1.5,4,76.0,956,142,-0.3064,-0.0156,0.4393,0.5493,-0.201,0.840963,0.861871,DIRECTIONAL (not significant)
MGC,1000,2.0,1,67.0,5368,799,-0.3815,0.0218,0.3785,0.5144,0.5935,0.552995,0.610599,NO-BENEFIT (avg_r_after >= 0)
MGC,1000,2.0,2,94.0,1829,249,-0.3316,0.0469,0.3756,0.5141,0.6969,0.486538,0.547817,NO-BENEFIT (avg_r_after >= 0)
MGC,1000,2.0,3,117.0,1184,145,-0.3272,0.1871,0.3691,0.5517,2.0318,0.044011,0.067056,NO-BENEFIT (avg_r_after >= 0)
MGC,1000,2.0,4,128.0,978,116,-0.3074,0.2385,0.3681,0.569,2.2974,0.023404,0.037394,NO-BENEFIT (avg_r_after >= 0)
MGC,1000,2.5,1,90.0,5461,707,-0.3853,0.1611,0.3225,0.5021,3.5595,0.000396,0.001042,NO-BENEFIT (avg_r_after >= 0)
MGC,1000,2.5,2,159.0,1871,204,-0.3384,0.2961,0.3212,0.5441,3.431,0.000729,0.001751,NO-BENEFIT (avg_r_after >= 0)
MGC,1000,2.5,3,174.0,1192,135,-0.3282,0.3043,0.3154,0.5259,2.7485,0.006813,0.012698,NO-BENEFIT (avg_r_after >= 0)
MGC,1000,2.5,4,217.0,970,123,-0.3161,0.2981,0.3113,0.5285,2.5985,0.010518,0.018582,NO-BENEFIT (avg_r_after >= 0)
MGC,1000,3.0,1,145.0,5558,606,-0.3906,0.3814,0.2794,0.5231,6.8259,0.0,0.0,NO-BENEFIT (avg_r_after >= 0)
MGC,1000,3.0,2,251.0,1883,190,-0.3194,0.4298,0.2889,0.5316,4.2325,3.6e-05,0.000121,NO-BENEFIT (avg_r_after >= 0)
MGC,1000,3.0,3,289.0,1198,126,-0.3141,0.469,0.2796,0.5238,3.6207,0.000425,0.001114,NO-BENEFIT (avg_r_after >= 0)
MGC,1000,3.0,4,317.0,976,116,-0.3081,0.4949,0.2715,0.5345,3.6703,0.000369,0.000988,NO-BENEFIT (avg_r_after >= 0)
MGC,1000,4.0,1,281.0,5623,538,-0.4165,0.5461,0.2134,0.4703,7.3986,0.0,0.0,NO-BENEFIT (avg_r_after >= 0)
MGC,1000,4.0,2,367.0,1884,184,-0.3255,0.3895,0.2298,0.413,3.0638,0.002516,0.005229,NO-BENEFIT (avg_r_after >= 0)
MGC,1000,4.0,3,401.0,1210,113,-0.2955,0.4187,0.2281,0.4071,2.5143,0.013347,0.022767,NO-BENEFIT (avg_r_after >= 0)
MGC,1000,4.0,4,415.0,995,93,-0.2978,0.52,0.2191,0.4409,2.8293,0.005727,0.010813,NO-BENEFIT (avg_r_after >= 0)
MGC,1100,1.0,1,72.0,5921,1379,-0.2816,-0.254,0.5508,0.504,-12.4483,0.0,0.0,SURVIVES — time-stop recommended
MGC,1100,1.0,2,117.0,2794,621,-0.2744,-0.2279,0.5344,0.504,-7.2579,0.0,0.0,SURVIVES — time-stop recommended
MGC,1100,1.0,3,163.0,2421,529,-0.2764,-0.1865,0.5192,0.518,-5.3701,0.0,0.0,SURVIVES — time-stop recommended
MGC,1100,1.0,4,171.0,2269,546,-0.2595,-0.2262,0.5262,0.4908,-6.5815,0.0,0.0,SURVIVES — time-stop recommended
MGC,1100,1.0,5,188.0,2182,543,-0.2442,-0.2197,0.5316,0.4936,-6.3703,0.0,0.0,SURVIVES — time-stop recommended
MGC,1100,1.5,1,188.0,6156,1216,-0.3103,-0.12,0.4261,0.4679,-4.3677,1.4e-05,5.2e-05,SURVIVES — time-stop recommended
MGC,1100,1.5,2,269.0,2902,533,-0.3027,-0.0763,0.4128,0.4784,-1.7947,0.073268,0.105154,DIRECTIONAL (not significant)
MGC,1100,1.5,3,288.0,2503,455,-0.2919,-0.0353,0.4059,0.4901,-0.7517,0.452613,0.51827,DIRECTIONAL (not significant)
MGC,1100,1.5,4,294.0,2373,452,-0.2732,-0.0342,0.4151,0.4845,-0.7186,0.47278,0.536603,DIRECTIONAL (not significant)
MGC,1100,1.5,5,306.0,2273,451,-0.2788,-0.0752,0.4078,0.4656,-1.589,0.11276,0.154941,DIRECTIONAL (not significant)
MGC,1100,2.0,1,292.0,6352,1025,-0.319,0.0944,0.3509,0.481,2.6091,0.009211,0.016758,NO-BENEFIT (avg_r_after >= 0)
MGC,1100,2.0,2,326.0,2942,481,-0.3137,0.0384,0.3396,0.4511,0.7225,0.470364,0.535578,NO-BENEFIT (avg_r_after >= 0)
MGC,1100,2.0,3,358.0,2548,403,-0.3146,0.0971,0.3297,0.4615,1.6191,0.106199,0.146196,NO-BENEFIT (avg_r_after >= 0)
MGC,1100,2.0,4,364.0,2405,409,-0.2937,0.0812,0.3376,0.4474,1.3504,0.177632,0.229622,NO-BENEFIT (avg_r_after >= 0)
MGC,1100,2.0,5,374.0,2320,392,-0.2875,0.1065,0.3362,0.4617,1.7381,0.08298,0.117278,NO-BENEFIT (avg_r_after >= 0)
MGC,1100,2.5,1,343.0,6409,950,-0.3313,0.1957,0.2971,0.4526,4.5043,7e-06,2.9e-05,NO-BENEFIT (avg_r_after >= 0)
MGC,1100,2.5,2,412.0,3015,395,-0.3376,0.1968,0.2816,0.4405,2.8512,0.004585,0.008883,NO-BENEFIT (avg_r_after >= 0)
MGC,1100,2.5,3,427.0,2579,353,-0.3359,0.2236,0.2741,0.4448,3.0205,0.002708,0.005566,NO-BENEFIT (avg_r_after >= 0)
MGC,1100,2.5,4,460.0,2459,332,-0.318,0.2695,0.2806,0.4548,3.4786,0.000571,0.001434,NO-BENEFIT (avg_r_after >= 0)
MGC,1100,2.5,5,482.0,2381,305,-0.319,0.3815,0.2759,0.4951,4.6956,4e-06,1.7e-05,NO-BENEFIT (avg_r_after >= 0)
MGC,1100,3.0,1,394.0,6455,873,-0.352,0.2965,0.2552,0.425,5.7014,0.0,0.0,NO-BENEFIT (avg_r_after >= 0)
MGC,1100,3.0,2,484.0,3044,345,-0.3602,0.4061,0.2392,0.458,4.8296,2e-06,9e-06,NO-BENEFIT (avg_r_after >= 0)
MGC,1100,3.0,3,526.0,2608,302,-0.3523,0.4053,0.2335,0.4503,4.451,1.2e-05,4.6e-05,NO-BENEFIT (avg_r_after >= 0)
MGC,1100,3.0,4,547.0,2468,295,-0.3511,0.429,0.235,0.4508,4.5918,7e-06,2.9e-05,NO-BENEFIT (avg_r_after >= 0)
MGC,1100,3.0,5,578.0,2381,280,-0.342,0.4939,0.2356,0.475,5.1868,0.0,0.0,NO-BENEFIT (avg_r_after >= 0)
MGC,1100,4.0,1,535.0,6591,668,-0.3755,0.6399,0.1969,0.4371,8.7075,0.0,0.0,NO-BENEFIT (avg_r_after >= 0)
MGC,1100,4.0,2,653.0,3083,266,-0.3611,0.8265,0.1904,0.4812,6.9775,0.0,0.0,NO-BENEFIT (avg_r_after >= 0)
MGC,1100,4.0,3,668.0,2626,241,-0.3768,0.7734,0.1813,0.4647,6.1848,0.0,0.0,NO-BENEFIT (avg_r_after >= 0)
MGC,1100,4.0,4,683.0,2483,230,-0.4041,0.7313,0.1744,0.4391,5.572,0.0,0.0,NO-BENEFIT (avg_r_after >= 0)
MGC,1100,4.0,5,666.0,2354,243,-0.3877,0.5392,0.1763,0.3992,4.3859,1.7e-05,6.2e-05,NO-BENEFIT (avg_r_after >= 0)
MGC,1130,1.0,1,44.0,1609,446,-0.4702,-0.3996,0.5538,0.4955,-13.4965,0.0,0.0,SURVIVES — time-stop recommended
MGC,1130,1.0,2,67.0,837,220,-0.4233,-0.3591,0.5412,0.5045,-8.1661,0.0,0.0,SURVIVES — time-stop recommended
MGC,1130,1.0,3,81.0,818,231,-0.4069,-0.3731,0.5465,0.4805,-8.4923,0.0,0.0,SURVIVES — time-stop recommended
MGC,1130,1.0,4,92.0,807,232,-0.3888,-0.3752,0.5514,0.4784,-8.5595,0.0,0.0,SURVIVES — time-stop recommended
MGC,1130,1.0,5,106.0,819,223,-0.3822,-0.3548,0.5446,0.4933,-7.934,0.0,0.0,SURVIVES — time-stop recommended
MGC,1130,1.5,1,80.0,1697,404,-0.474,-0.3023,0.4473,0.4653,-7.8907,0.0,0.0,SURVIVES — time-stop recommended
MGC,1130,1.5,2,160.0,872,192,-0.4484,-0.238,0.4197,0.474,-3.9924,9.3e-05,0.000284,SURVIVES — time-stop recommended
MGC,1130,1.5,3,200.0,868,184,-0.4361,-0.2075,0.4194,0.4891,-3.3819,0.00088,0.002071,SURVIVES — time-stop recommended
MGC,1130,1.5,4,215.0,854,190,-0.4236,-0.2348,0.4227,0.4684,-3.8666,0.000152,0.000451,SURVIVES — time-stop recommended
MGC,1130,1.5,5,214.0,849,192,-0.4101,-0.2522,0.4193,0.4531,-4.1412,5.2e-05,0.000171,SURVIVES — time-stop recommended
MGC,1130,2.0,1,160.0,1765,343,-0.4932,-0.1559,0.3626,0.4665,-3.1049,0.002062,0.004424,SURVIVES — time-stop recommended
MGC,1130,2.0,2,232.0,892,171,-0.4642,-0.1662,0.3453,0.4386,-2.2422,0.026239,0.041512,SURVIVES — time-stop recommended
MGC,1130,2.0,3,258.0,895,156,-0.4474,-0.0421,0.3441,0.4936,-0.5273,0.598762,0.648586,DIRECTIONAL (not significant)
MGC,1130,2.0,4,271.0,897,146,-0.4434,0.0303,0.3389,0.5205,0.36,0.71935,0.754961,NO-BENEFIT (avg_r_after >= 0)
MGC,1130,2.0,5,273.0,886,152,-0.4247,-0.0234,0.342,0.4868,-0.2804,0.779568,0.811237,DIRECTIONAL (not significant)
MGC,1130,2.5,1,225.0,1807,301,-0.504,-0.0507,0.3038,0.4485,-0.8119,0.417487,0.481766,DIRECTIONAL (not significant)
MGC,1130,2.5,2,280.0,922,141,-0.4769,0.0677,0.2907,0.4752,0.6956,0.487826,0.548435,NO-BENEFIT (avg_r_after >= 0)
MGC,1130,2.5,3,317.0,927,124,-0.4666,0.2209,0.2848,0.5323,2.0799,0.039614,0.060605,NO-BENEFIT (avg_r_after >= 0)
MGC,1130,2.5,4,320.0,913,128,-0.453,0.2005,0.287,0.5078,1.8658,0.064383,0.094152,NO-BENEFIT (avg_r_after >= 0)
MGC,1130,2.5,5,327.0,904,132,-0.4442,0.1661,0.2843,0.4848,1.5526,0.12294,0.166159,NO-BENEFIT (avg_r_after >= 0)
MGC,1130,3.0,1,278.0,1874,235,-0.5184,0.2423,0.2599,0.5106,2.9589,0.003404,0.006882,NO-BENEFIT (avg_r_after >= 0)
MGC,1130,3.0,2,334.0,947,115,-0.4782,0.3296,0.2534,0.513,2.6371,0.009527,0.0172,NO-BENEFIT (avg_r_after >= 0)
MGC,1130,3.0,3,349.0,927,122,-0.474,0.2397,0.247,0.4672,1.947,0.053848,0.080881,NO-BENEFIT (avg_r_after >= 0)
MGC,1130,3.0,4,362.0,920,119,-0.4367,0.3151,0.2587,0.4958,2.5212,0.01303,0.022277,NO-BENEFIT (avg_r_after >= 0)
MGC,1130,3.0,5,369.0,907,125,-0.4551,0.1969,0.2437,0.44,1.5902,0.114327,0.156803,NO-BENEFIT (avg_r_after >= 0)
MGC,1130,4.0,1,339.0,1908,197,-0.5185,0.4541,0.2075,0.4772,4.0705,6.8e-05,0.000216,NO-BENEFIT (avg_r_after >= 0)
MGC,1130,4.0,2,408.0,945,112,-0.4848,0.3773,0.2,0.4196,2.4018,0.017977,0.029774,NO-BENEFIT (avg_r_after >= 0)
MGC,1130,4.0,3,427.0,935,105,-0.4696,0.4225,0.2,0.4286,2.5749,0.011433,0.019914,NO-BENEFIT (avg_r_after >= 0)
MGC,1130,4.0,4,435.0,916,110,-0.4805,0.2696,0.1932,0.3818,1.7121,0.089724,0.126329,NO-BENEFIT (avg_r_after >= 0)
MGC,1130,4.0,5,532.0,923,99,-0.4812,0.4443,0.1885,0.4343,2.6307,0.009896,0.017736,NO-BENEFIT (avg_r_after >= 0)
MGC,1800,1.0,1,36.0,5805,1409,-0.3243,-0.339,0.559,0.4741,-17.8103,0.0,0.0,SURVIVES — time-stop recommended
MGC,1800,1.0,2,58.0,2779,579,-0.317,-0.3144,0.5293,0.4853,-10.4509,0.0,0.0,SURVIVES — time-stop recommended
MGC,1800,1.0,3,70.0,2424,534,-0.3065,-0.2812,0.5235,0.4944,-8.7345,0.0,0.0,SURVIVES — time-stop recommended
MGC,1800,1.0,4,74.0,2236,525,-0.29,-0.278,0.5255,0.4857,-8.3969,0.0,0.0,SURVIVES — time-stop recommended
MGC,1800,1.0,5,85.0,2139,506,-0.2844,-0.2622,0.5199,0.4901,-7.6897,0.0,0.0,SURVIVES — time-stop recommended
MGC,1800,1.5,1,71.0,6211,1157,-0.3539,-0.1888,0.4257,0.471,-7.2559,0.0,0.0,SURVIVES — time-stop recommended
MGC,1800,1.5,2,112.0,2922,484,-0.3361,-0.1652,0.4131,0.4669,-3.9749,8.1e-05,0.000254,SURVIVES — time-stop recommended
MGC,1800,1.5,3,125.0,2520,460,-0.3174,-0.1223,0.4147,0.4804,-2.8117,0.005139,0.009802,SURVIVES — time-stop recommended
MGC,1800,1.5,4,131.0,2325,443,-0.3064,-0.115,0.4125,0.474,-2.5438,0.011304,0.01976,SURVIVES — time-stop recommended
MGC,1800,1.5,5,149.0,2233,420,-0.2977,-0.1061,0.4066,0.4762,-2.275,0.023413,0.037394,SURVIVES — time-stop recommended
MGC,1800,2.0,1,123.0,6442,943,-0.3714,0.047,0.3449,0.4984,1.3368,0.181619,0.233961,NO-BENEFIT (avg_r_after >= 0)
MGC,1800,2.0,2,172.0,2998,410,-0.3542,0.0268,0.3336,0.478,0.4911,0.623606,0.673531,NO-BENEFIT (avg_r_after >= 0)
MGC,1800,2.0,3,178.0,2573,402,-0.3306,-0.0154,0.3389,0.4453,-0.2763,0.782482,0.81203,DIRECTIONAL (not significant)
MGC,1800,2.0,4,195.0,2379,378,-0.3352,0.0267,0.3291,0.4603,0.4568,0.648071,0.693894,NO-BENEFIT (avg_r_after >= 0)
MGC,1800,2.0,5,205.0,2261,383,-0.3278,0.0078,0.3251,0.4465,0.1329,0.894335,0.904083,NO-BENEFIT (avg_r_after >= 0)
MGC,1800,2.5,1,163.0,6516,865,-0.3839,0.1187,0.2885,0.4624,2.8184,0.004937,0.009466,NO-BENEFIT (avg_r_after >= 0)
MGC,1800,2.5,2,217.0,3040,362,-0.3711,0.0914,0.2783,0.4365,1.3699,0.171579,0.222963,NO-BENEFIT (avg_r_after >= 0)
MGC,1800,2.5,3,233.0,2643,323,-0.357,0.1724,0.2781,0.4551,2.3599,0.018874,0.031121,NO-BENEFIT (avg_r_after >= 0)
MGC,1800,2.5,4,241.0,2421,323,-0.3691,0.1924,0.2677,0.4582,2.6066,0.00957,0.017235,NO-BENEFIT (avg_r_after >= 0)
MGC,1800,2.5,5,258.0,2322,301,-0.3527,0.2705,0.27,0.485,3.5071,0.000522,0.00134,NO-BENEFIT (avg_r_after >= 0)
MGC,1800,3.0,1,217.0,6626,744,-0.407,0.2597,0.2431,0.4556,5.0071,1e-06,5e-06,NO-BENEFIT (avg_r_after >= 0)
MGC,1800,3.0,2,262.0,3094,299,-0.3989,0.3456,0.234,0.4615,4.0065,7.8e-05,0.000246,NO-BENEFIT (avg_r_after >= 0)
MGC,1800,3.0,3,266.0,2662,283,-0.3767,0.3824,0.2363,0.47,4.2822,2.5e-05,8.8e-05,NO-BENEFIT (avg_r_after >= 0)
MGC,1800,3.0,4,278.0,2455,269,-0.392,0.4283,0.2285,0.4721,4.5598,8e-06,3.2e-05,NO-BENEFIT (avg_r_after >= 0)
MGC,1800,3.0,5,293.0,2354,250,-0.3696,0.4455,0.2328,0.472,4.5289,9e-06,3.5e-05,NO-BENEFIT (avg_r_after >= 0)
MGC,1800,4.0,1,273.0,6718,620,-0.4301,0.6099,0.1889,0.4532,8.3603,0.0,0.0,NO-BENEFIT (avg_r_after >= 0)
MGC,1800,4.0,2,312.0,3101,257,-0.4347,0.6056,0.179,0.4319,5.1601,0.0,0.0,NO-BENEFIT (avg_r_after >= 0)
MGC,1800,4.0,3,320.0,2678,230,-0.4298,0.6508,0.1763,0.4391,5.1973,0.0,0.0,NO-BENEFIT (avg_r_after >= 0)
MGC,1800,4.0,4,321.0,2463,220,-0.439,0.6448,0.1721,0.4318,4.9737,1e-06,5e-06,NO-BENEFIT (avg_r_after >= 0)
MGC,1800,4.0,5,324.0,2329,222,-0.4368,0.6273,0.17,0.4234,4.8388,2e-06,9e-06,NO-BENEFIT (avg_r_after >= 0)
MGC,2300,1.0,1,28.0,6020,1249,-0.2767,-0.2243,0.5173,0.502,-10.097,0.0,0.0,SURVIVES — time-stop recommended
MGC,2300,1.0,2,36.0,2741,572,-0.2326,-0.2529,0.5272,0.4755,-7.5873,0.0,0.0,SURVIVES — time-stop recommended
MGC,2300,1.0,3,41.0,2313,520,-0.2162,-0.2299,0.527,0.4808,-6.462,0.0,0.0,SURVIVES — time-stop recommended
MGC,2300,1.0,4,48.0,2122,475,-0.2311,-0.2022,0.5123,0.4926,-5.3699,0.0,0.0,SURVIVES — time-stop recommended
MGC,2300,1.0,5,51.0,1980,477,-0.2219,-0.2182,0.5141,0.4759,-5.7381,0.0,0.0,SURVIVES — time-stop recommended
MGC,2300,1.5,1,44.0,6247,1098,-0.3082,-0.088,0.3973,0.4772,-2.9965,0.002793,0.005709,SURVIVES — time-stop recommended
MGC,2300,1.5,2,58.0,2804,494,-0.2623,-0.1192,0.4094,0.4494,-2.6778,0.007659,0.014137,SURVIVES — time-stop recommended
MGC,2300,1.5,3,71.0,2383,409,-0.2601,-0.048,0.3982,0.4743,-0.9563,0.339473,0.403022,DIRECTIONAL (not significant)
MGC,2300,1.5,4,76.0,2153,389,-0.2807,-0.0804,0.386,0.455,-1.5557,0.1206,0.163294,DIRECTIONAL (not significant)
MGC,2300,1.5,5,83.0,2025,373,-0.2617,-0.051,0.3931,0.4665,-0.9573,0.339033,0.403022,DIRECTIONAL (not significant)
MGC,2300,2.0,1,63.0,6336,964,-0.3117,0.0467,0.3292,0.4606,1.2545,0.209977,0.265875,NO-BENEFIT (avg_r_after >= 0)
MGC,2300,2.0,2,86.0,2849,392,-0.2971,0.1167,0.3257,0.4745,1.9328,0.053978,0.080912,NO-BENEFIT (avg_r_after >= 0)
MGC,2300,2.0,3,96.0,2374,354,-0.3059,0.063,0.3117,0.4492,0.9907,0.322502,0.387839,NO-BENEFIT (avg_r_after >= 0)
MGC,2300,2.0,4,104.0,2158,321,-0.3395,0.0836,0.2943,0.4517,1.236,0.217366,0.273158,NO-BENEFIT (avg_r_after >= 0)
MGC,2300,2.0,5,109.0,2008,310,-0.3096,0.0529,0.3078,0.4355,0.767,0.443689,0.509624,NO-BENEFIT (avg_r_after >= 0)
MGC,2300,2.5,1,90.0,6445,759,-0.3557,0.2994,0.2653,0.4901,6.0834,0.0,0.0,NO-BENEFIT (avg_r_after >= 0)
MGC,2300,2.5,2,110.0,2824,342,-0.3399,0.1564,0.2627,0.4298,2.1308,0.033823,0.052503,NO-BENEFIT (avg_r_after >= 0)
MGC,2300,2.5,3,120.0,2359,296,-0.3521,0.1413,0.2493,0.4189,1.7777,0.076478,0.108919,NO-BENEFIT (avg_r_after >= 0)
MGC,2300,2.5,4,125.0,2127,268,-0.374,0.1271,0.2398,0.4104,1.5156,0.130791,0.175175,NO-BENEFIT (avg_r_after >= 0)
MGC,2300,2.5,5,131.0,1968,259,-0.3784,0.0666,0.2378,0.3938,0.7972,0.426072,0.490909,NO-BENEFIT (avg_r_after >= 0)
MGC,2300,3.0,1,109.0,6444,661,-0.3863,0.4485,0.2219,0.4811,7.487,0.0,0.0,NO-BENEFIT (avg_r_after >= 0)
MGC,2300,3.0,2,127.0,2800,312,-0.3733,0.2456,0.2193,0.4071,2.8292,0.004969,0.009503,NO-BENEFIT (avg_r_after >= 0)
MGC,2300,3.0,3,159.0,2366,221,-0.4005,0.4812,0.202,0.4842,4.5766,8e-06,3.2e-05,NO-BENEFIT (avg_r_after >= 0)
MGC,2300,3.0,4,136.0,2075,243,-0.4314,0.1879,0.1908,0.3868,1.9215,0.055847,0.083377,NO-BENEFIT (avg_r_after >= 0)
MGC,2300,3.0,5,166.0,1945,204,-0.4351,0.2293,0.1902,0.3971,2.1242,0.034864,0.053894,NO-BENEFIT (avg_r_after >= 0)
MGC,2300,4.0,1,144.0,6377,518,-0.4277,0.7098,0.1662,0.4537,8.4198,0.0,0.0,NO-BENEFIT (avg_r_after >= 0)
MGC,2300,4.0,2,174.0,2760,220,-0.4463,0.6129,0.1569,0.4227,4.7188,4e-06,1.7e-05,NO-BENEFIT (avg_r_after >= 0)
MGC,2300,4.0,3,179.0,2267,193,-0.4833,0.4806,0.1412,0.3834,3.4802,0.00062,0.001528,NO-BENEFIT (avg_r_after >= 0)
MGC,2300,4.0,4,188.0,2028,177,-0.5366,0.2956,0.1262,0.3446,2.1558,0.032454,0.05059,NO-BENEFIT (avg_r_after >= 0)
MGC,2300,4.0,5,210.0,1889,153,-0.5343,0.3834,0.1281,0.3595,2.5235,0.012648,0.021724,NO-BENEFIT (avg_r_after >= 0)
MGC,CME_OPEN,1.0,1,52.0,3264,770,-0.363,-0.3225,0.5389,0.487,-12.4004,0.0,0.0,SURVIVES — time-stop recommended
MGC,CME_OPEN,1.0,2,67.0,1365,314,-0.3498,-0.3039,0.5275,0.4777,-7.1653,0.0,0.0,SURVIVES — time-stop recommended
MGC,CME_OPEN,1.0,3,79.0,1105,244,-0.3799,-0.2928,0.495,0.4713,-5.9244,0.0,0.0,SURVIVES — time-stop recommended
MGC,CME_OPEN,1.0,4,88.0,989,214,-0.3877,-0.2733,0.4793,0.4813,-5.1443,1e-06,5e-06,SURVIVES — time-stop recommended
MGC,CME_OPEN,1.0,5,93.0,924,201,-0.3703,-0.2612,0.4827,0.4925,-4.8078,3e-06,1.3e-05,SURVIVES — time-stop recommended
MGC,CME_OPEN,1.5,1,106.0,3138,487,-0.4587,-0.08,0.3636,0.5072,-1.8869,0.059764,0.088161,SURVIVES — time-stop recommended
MGC,CME_OPEN,1.5,2,121.0,1315,194,-0.4444,-0.1054,0.3544,0.4742,-1.5188,0.130451,0.175175,DIRECTIONAL (not significant)
MGC,CME_OPEN,1.5,3,139.0,1079,148,-0.4654,-0.0498,0.3318,0.5068,-0.626,0.532285,0.590367,DIRECTIONAL (not significant)
MGC,CME_OPEN,1.5,4,147.0,969,143,-0.4628,-0.0238,0.3302,0.5105,-0.2898,0.772423,0.804969,DIRECTIONAL (not significant)
MGC,CME_OPEN,1.5,5,152.0,902,141,-0.4337,-0.1232,0.3404,0.461,-1.5065,0.134188,0.179401,DIRECTIONAL (not significant)
MGC,CME_OPEN,2.0,1,149.0,3092,337,-0.5195,0.2015,0.2668,0.5371,3.2171,0.001421,0.003166,NO-BENEFIT (avg_r_after >= 0)
MGC,CME_OPEN,2.0,2,208.0,1317,144,-0.4646,0.1448,0.2802,0.5069,1.4942,0.137317,0.183254,NO-BENEFIT (avg_r_after >= 0)
MGC,CME_OPEN,2.0,3,232.0,1069,120,-0.5008,0.1496,0.2563,0.5083,1.4081,0.161709,0.211619,NO-BENEFIT (avg_r_after >= 0)
MGC,CME_OPEN,2.0,4,256.0,964,118,-0.4931,0.1607,0.2562,0.5,1.4623,0.146348,0.193911,NO-BENEFIT (avg_r_after >= 0)
MGC,CME_OPEN,2.0,5,363.0,910,104,-0.4781,0.1768,0.2582,0.5096,1.5235,0.130701,0.175175,NO-BENEFIT (avg_r_after >= 0)
MGC,CME_OPEN,2.5,1,228.0,3056,292,-0.5429,0.2725,0.214,0.4897,3.4834,0.000571,0.001434,NO-BENEFIT (avg_r_after >= 0)
MGC,CME_OPEN,2.5,2,346.0,1308,124,-0.4906,0.3112,0.2271,0.4919,2.5234,0.012896,0.022099,NO-BENEFIT (avg_r_after >= 0)
MGC,CME_OPEN,2.5,3,377.0,1058,110,-0.5151,0.304,0.2155,0.4909,2.3267,0.021832,0.03537,NO-BENEFIT (avg_r_after >= 0)
MGC,CME_OPEN,2.5,4,429.0,964,101,-0.5197,0.2458,0.2064,0.4653,1.8056,0.073993,0.105859,NO-BENEFIT (avg_r_after >= 0)
MGC,CME_OPEN,2.5,5,445.0,893,100,-0.5107,0.0731,0.206,0.42,0.5647,0.573533,0.626747,NO-BENEFIT (avg_r_after >= 0)
MGC,CME_OPEN,3.0,1,359.0,3036,254,-0.5814,0.3534,0.1716,0.4567,3.712,0.000253,0.000708,NO-BENEFIT (avg_r_after >= 0)
MGC,CME_OPEN,3.0,2,463.0,1298,104,-0.5214,0.4179,0.1864,0.4808,2.8098,0.005933,0.011173,NO-BENEFIT (avg_r_after >= 0)
MGC,CME_OPEN,3.0,3,502.0,1072,88,-0.5294,0.5143,0.1819,0.5114,3.1657,0.002133,0.004561,NO-BENEFIT (avg_r_after >= 0)
MGC,CME_OPEN,3.0,4,531.0,969,80,-0.5656,0.4263,0.1641,0.4875,2.5305,0.013378,0.022767,NO-BENEFIT (avg_r_after >= 0)
MGC,CME_OPEN,3.0,5,541.0,904,77,-0.5219,0.3868,0.1748,0.4805,2.3019,0.024084,0.038348,NO-BENEFIT (avg_r_after >= 0)
MGC,CME_OPEN,4.0,1,494.0,3008,214,-0.6012,0.5441,0.1303,0.4393,4.4135,1.6e-05,5.8e-05,NO-BENEFIT (avg_r_after >= 0)
MGC,CME_OPEN,4.0,2,588.0,1295,84,-0.5553,0.6047,0.1405,0.4405,2.9719,0.003871,0.007721,NO-BENEFIT (avg_r_after >= 0)
MGC,CME_OPEN,4.0,3,570.0,1055,84,-0.5571,0.319,0.1374,0.369,1.6497,0.102782,0.142662,NO-BENEFIT (avg_r_after >= 0)
MGC,CME_OPEN,4.0,4,603.0,960,75,-0.5656,0.404,0.1312,0.3867,1.9239,0.058215,0.086047,NO-BENEFIT (avg_r_after >= 0)
MGC,CME_OPEN,4.0,5,777.0,904,62,-0.5753,0.6945,0.125,0.4516,2.8304,0.006287,0.011751,NO-BENEFIT (avg_r_after >= 0)
MGC,LONDON_OPEN,1.0,1,38.0,5834,1468,-0.3118,-0.3604,0.5468,0.453,-19.2074,0.0,0.0,SURVIVES — time-stop recommended
MGC,LONDON_OPEN,1.0,2,62.0,2794,573,-0.2948,-0.2976,0.5304,0.4799,-9.5472,0.0,0.0,SURVIVES — time-stop recommended
MGC,LONDON_OPEN,1.0,3,73.0,2407,541,-0.2859,-0.2788,0.5231,0.4843,-8.5409,0.0,0.0,SURVIVES — time-stop recommended
MGC,LONDON_OPEN,1.0,4,80.0,2238,543,-0.2668,-0.2833,0.529,0.4751,-8.614,0.0,0.0,SURVIVES — time-stop recommended
MGC,LONDON_OPEN,1.0,5,88.0,2110,549,-0.2429,-0.2795,0.5355,0.4754,-8.5185,0.0,0.0,SURVIVES — time-stop recommended
MGC,LONDON_OPEN,1.5,1,75.0,6209,1207,-0.3408,-0.2115,0.4184,0.4524,-8.2709,0.0,0.0,SURVIVES — time-stop recommended
MGC,LONDON_OPEN,1.5,2,115.0,2902,499,-0.3022,-0.1492,0.4197,0.4689,-3.6076,0.00034,0.000921,SURVIVES — time-stop recommended
MGC,LONDON_OPEN,1.5,3,132.0,2485,476,-0.3007,-0.1612,0.4121,0.4538,-3.7514,0.000198,0.000567,SURVIVES — time-stop recommended
MGC,LONDON_OPEN,1.5,4,144.0,2333,450,-0.2822,-0.1056,0.4145,0.48,-2.3616,0.018621,0.030772,SURVIVES — time-stop recommended
MGC,LONDON_OPEN,1.5,5,167.0,2222,434,-0.2701,-0.0915,0.4131,0.4816,-1.9864,0.047621,0.072112,SURVIVES — time-stop recommended
MGC,LONDON_OPEN,2.0,1,122.0,6370,1063,-0.3586,-0.074,0.34,0.444,-2.2696,0.023434,0.037394,SURVIVES — time-stop recommended
MGC,LONDON_OPEN,2.0,2,182.0,2955,442,-0.3179,-0.0348,0.3428,0.4434,-0.662,0.508324,0.567183,DIRECTIONAL (not significant)
MGC,LONDON_OPEN,2.0,3,203.0,2554,403,-0.3154,-0.0217,0.3375,0.4417,-0.3892,0.697341,0.736256,DIRECTIONAL (not significant)
MGC,LONDON_OPEN,2.0,4,228.0,2395,380,-0.3065,0.0401,0.3357,0.4632,0.6854,0.493537,0.554016,NO-BENEFIT (avg_r_after >= 0)
MGC,LONDON_OPEN,2.0,5,242.0,2276,368,-0.2884,0.0946,0.3374,0.4783,1.5601,0.11959,0.16252,NO-BENEFIT (avg_r_after >= 0)
MGC,LONDON_OPEN,2.5,1,183.0,6496,933,-0.3628,0.0339,0.2885,0.4287,0.8474,0.396968,0.462402,NO-BENEFIT (avg_r_after >= 0)
MGC,LONDON_OPEN,2.5,2,255.0,3032,356,-0.3433,0.2319,0.2846,0.4775,3.3187,0.000998,0.002314,NO-BENEFIT (avg_r_after >= 0)
MGC,LONDON_OPEN,2.5,3,272.0,2610,333,-0.3426,0.1686,0.2789,0.4505,2.3348,0.020151,0.032934,NO-BENEFIT (avg_r_after >= 0)
MGC,LONDON_OPEN,2.5,4,285.0,2435,322,-0.3247,0.1986,0.2813,0.4503,2.6397,0.008703,0.015984,NO-BENEFIT (avg_r_after >= 0)
MGC,LONDON_OPEN,2.5,5,298.0,2331,295,-0.3139,0.3592,0.2801,0.5051,4.5069,1e-05,3.9e-05,NO-BENEFIT (avg_r_after >= 0)
MGC,LONDON_OPEN,3.0,1,253.0,6672,748,-0.3804,0.2783,0.2469,0.4586,5.3339,0.0,0.0,NO-BENEFIT (avg_r_after >= 0)
MGC,LONDON_OPEN,3.0,2,295.0,3047,335,-0.3627,0.3084,0.2425,0.4448,3.7712,0.000192,0.000554,NO-BENEFIT (avg_r_after >= 0)
MGC,LONDON_OPEN,3.0,3,306.0,2644,283,-0.3571,0.3845,0.2383,0.4629,4.2515,2.9e-05,0.0001,NO-BENEFIT (avg_r_after >= 0)
MGC,LONDON_OPEN,3.0,4,313.0,2477,260,-0.3525,0.5157,0.237,0.4962,5.3366,0.0,0.0,NO-BENEFIT (avg_r_after >= 0)
MGC,LONDON_OPEN,3.0,5,318.0,2350,251,-0.3289,0.5349,0.2409,0.498,5.3957,0.0,0.0,NO-BENEFIT (avg_r_after >= 0)
MGC,LONDON_OPEN,4.0,1,311.0,6773,605,-0.4041,0.663,0.1927,0.4727,9.0202,0.0,0.0,NO-BENEFIT (avg_r_after >= 0)
MGC,LONDON_OPEN,4.0,2,328.0,3070,270,-0.3797,0.6397,0.1909,0.437,5.5265,0.0,0.0,NO-BENEFIT (avg_r_after >= 0)
MGC,LONDON_OPEN,4.0,3,343.0,2652,231,-0.4082,0.686,0.1768,0.4502,5.4879,0.0,0.0,NO-BENEFIT (avg_r_after >= 0)
MGC,LONDON_OPEN,4.0,4,355.0,2483,205,-0.3942,0.8268,0.1784,0.4829,6.1348,0.0,0.0,NO-BENEFIT (avg_r_after >= 0)
MGC,LONDON_OPEN,4.0,5,361.0,2330,198,-0.3989,0.8317,0.1751,0.4747,5.9678,0.0,0.0,NO-BENEFIT (avg_r_after >= 0)
MGC,US_DATA_OPEN,1.0,1,48.0,1555,419,-0.3482,-0.3002,0.5138,0.4582,-7.9466,0.0,0.0,SURVIVES — time-stop recommended
MGC,US_DATA_OPEN,1.0,2,56.0,747,222,-0.3142,-0.3271,0.5127,0.4279,-6.1881,0.0,0.0,SURVIVES — time-stop recommended
MGC,US_DATA_OPEN,1.0,3,60.0,727,213,-0.2832,-0.2945,0.5241,0.446,-5.4007,0.0,0.0,SURVIVES — time-stop recommended
MGC,US_DATA_OPEN,1.0,4,64.0,715,202,-0.2868,-0.2861,0.5147,0.4554,-5.1514,1e-06,5e-06,SURVIVES — time-stop recommended
MGC,US_DATA_OPEN,1.0,5,72.0,710,185,-0.2901,-0.2371,0.5056,0.4757,-3.9787,0.0001,0.000304,SURVIVES — time-stop recommended
MGC,US_DATA_OPEN,1.5,1,65.0,1557,387,-0.4036,-0.2779,0.3847,0.3824,-5.8872,0.0,0.0,SURVIVES — time-stop recommended
MGC,US_DATA_OPEN,1.5,2,83.0,764,171,-0.3763,-0.2163,0.3757,0.4152,-2.998,0.003126,0.006355,SURVIVES — time-stop recommended
MGC,US_DATA_OPEN,1.5,3,87.0,726,168,-0.3867,-0.2502,0.365,0.3929,-3.431,0.000758,0.001814,SURVIVES — time-stop recommended
MGC,US_DATA_OPEN,1.5,4,86.0,701,173,-0.3642,-0.2783,0.3738,0.3757,-3.8881,0.000144,0.000429,SURVIVES — time-stop recommended
MGC,US_DATA_OPEN,1.5,5,93.0,680,159,-0.3586,-0.2357,0.3706,0.3899,-3.0655,0.002556,0.005283,SURVIVES — time-stop recommended
MGC,US_DATA_OPEN,2.0,1,81.0,1572,326,-0.4462,-0.2102,0.3009,0.3528,-3.5032,0.000524,0.001341,SURVIVES — time-stop recommended
MGC,US_DATA_OPEN,2.0,2,104.0,763,147,-0.4208,-0.1487,0.2936,0.381,-1.6366,0.103873,0.143527,DIRECTIONAL (not significant)
MGC,US_DATA_OPEN,2.0,3,111.0,726,138,-0.4306,-0.1786,0.2837,0.3696,-1.9247,0.056345,0.083784,SURVIVES — time-stop recommended
MGC,US_DATA_OPEN,2.0,4,109.0,693,143,-0.4082,-0.2103,0.2929,0.3497,-2.3007,0.022865,0.036882,SURVIVES — time-stop recommended
MGC,US_DATA_OPEN,2.0,5,95.0,644,155,-0.3893,-0.3114,0.2981,0.3032,-3.6667,0.000338,0.000919,SURVIVES — time-stop recommended
MGC,US_DATA_OPEN,2.5,1,96.0,1577,281,-0.4895,-0.1704,0.2384,0.331,-2.3868,0.017662,0.029318,SURVIVES — time-stop recommended
MGC,US_DATA_OPEN,2.5,2,137.0,761,124,-0.4408,-0.0321,0.2444,0.371,-0.2791,0.780624,0.811237,DIRECTIONAL (not significant)
MGC,US_DATA_OPEN,2.5,3,142.0,727,112,-0.4411,-0.0453,0.2407,0.375,-0.3827,0.702641,0.739517,DIRECTIONAL (not significant)
MGC,US_DATA_OPEN,2.5,4,136.0,690,120,-0.4359,-0.1226,0.2406,0.3333,-1.0631,0.289877,0.354347,DIRECTIONAL (not significant)
MGC,US_DATA_OPEN,2.5,5,147.0,658,110,-0.4516,-0.1218,0.231,0.3364,-1.0194,0.310294,0.377425,DIRECTIONAL (not significant)
MGC,US_DATA_OPEN,3.0,1,130.0,1615,215,-0.5182,0.0249,0.1969,0.3674,0.2663,0.790277,0.818779,NO-BENEFIT (avg_r_after >= 0)
MGC,US_DATA_OPEN,3.0,2,181.0,766,94,-0.489,0.1511,0.1958,0.3936,1.0075,0.316293,0.382854,NO-BENEFIT (avg_r_after >= 0)
MGC,US_DATA_OPEN,3.0,3,167.0,720,98,-0.4702,0.0906,0.2028,0.3673,0.6187,0.537584,0.594904,NO-BENEFIT (avg_r_after >= 0)
MGC,US_DATA_OPEN,3.0,4,198.0,698,84,-0.5093,0.114,0.1834,0.381,0.721,0.472963,0.536603,NO-BENEFIT (avg_r_after >= 0)
MGC,US_DATA_OPEN,3.0,5,205.0,665,78,-0.5156,0.1367,0.1805,0.3846,0.8221,0.413555,0.478717,NO-BENEFIT (avg_r_after >= 0)
MGC,US_DATA_OPEN,4.0,1,156.0,1581,184,-0.5552,0.0653,0.1486,0.3152,0.5545,0.579914,0.632523,NO-BENEFIT (avg_r_after >= 0)
MGC,US_DATA_OPEN,4.0,2,200.0,729,80,-0.5996,0.042,0.1276,0.2875,0.2248,0.822697,0.844317,NO-BENEFIT (avg_r_after >= 0)
MGC,US_DATA_OPEN,4.0,3,206.0,687,77,-0.5978,0.0256,0.1281,0.2857,0.135,0.892991,0.904083,NO-BENEFIT (avg_r_after >= 0)
MGC,US_DATA_OPEN,4.0,4,243.0,681,60,-0.5972,0.272,0.1248,0.35,1.186,0.240379,0.298763,NO-BENEFIT (avg_r_after >= 0)
MGC,US_DATA_OPEN,4.0,5,205.0,634,75,-0.5643,-0.0486,0.1325,0.2667,-0.2614,0.794503,0.819692,DIRECTIONAL (not significant)
MGC,US_EQUITY_OPEN,1.0,1,30.0,1568,429,-0.3494,-0.3411,0.5134,0.4685,-9.8673,0.0,0.0,SURVIVES — time-stop recommended
MGC,US_EQUITY_OPEN,1.0,2,49.0,790,199,-0.3036,-0.2464,0.5139,0.5075,-4.6063,7e-06,2.9e-05,SURVIVES — time-stop recommended
MGC,US_EQUITY_OPEN,1.0,3,59.0,754,192,-0.2788,-0.2499,0.5225,0.5052,-4.5837,8e-06,3.2e-05,SURVIVES — time-stop recommended
MGC,US_EQUITY_OPEN,1.0,4,63.0,726,191,-0.2434,-0.2266,0.5455,0.5183,-4.1354,5.3e-05,0.000173,SURVIVES — time-stop recommended
MGC,US_EQUITY_OPEN,1.0,5,65.0,685,200,-0.2358,-0.2911,0.5445,0.465,-5.335,0.0,0.0,SURVIVES — time-stop recommended
MGC,US_EQUITY_OPEN,1.5,1,49.0,1643,354,-0.3689,-0.1752,0.4041,0.4661,-3.6618,0.000289,0.0008,SURVIVES — time-stop recommended
MGC,US_EQUITY_OPEN,1.5,2,89.0,797,164,-0.319,-0.0966,0.4065,0.4817,-1.2967,0.19655,0.250155,DIRECTIONAL (not significant)
MGC,US_EQUITY_OPEN,1.5,3,108.0,751,156,-0.3031,-0.0985,0.4088,0.4872,-1.3048,0.193903,0.247313,DIRECTIONAL (not significant)
MGC,US_EQUITY_OPEN,1.5,4,109.0,715,158,-0.2824,-0.1238,0.4196,0.4684,-1.6432,0.102333,0.14246,DIRECTIONAL (not significant)
MGC,US_EQUITY_OPEN,1.5,5,120.0,701,144,-0.2769,-0.043,0.4165,0.5069,-0.5375,0.591766,0.642885,DIRECTIONAL (not significant)
MGC,US_EQUITY_OPEN,2.0,1,79.0,1671,297,-0.3868,-0.052,0.3285,0.4512,-0.8394,0.401942,0.466731,DIRECTIONAL (not significant)
MGC,US_EQUITY_OPEN,2.0,2,143.0,802,122,-0.36,0.1618,0.3217,0.5246,1.5841,0.115779,0.158502,NO-BENEFIT (avg_r_after >= 0)
MGC,US_EQUITY_OPEN,2.0,3,133.0,729,139,-0.3252,-0.0515,0.3306,0.4317,-0.5491,0.583809,0.63517,DIRECTIONAL (not significant)
MGC,US_EQUITY_OPEN,2.0,4,141.0,695,137,-0.3165,-0.0554,0.3338,0.4234,-0.5791,0.563503,0.617606,DIRECTIONAL (not significant)
MGC,US_EQUITY_OPEN,2.0,5,163.0,687,115,-0.3161,0.093,0.3319,0.487,0.874,0.38393,0.449331,NO-BENEFIT (avg_r_after >= 0)
MGC,US_EQUITY_OPEN,2.5,1,110.0,1653,257,-0.4084,0.0288,0.2747,0.4358,0.3849,0.700659,0.738479,NO-BENEFIT (avg_r_after >= 0)
MGC,US_EQUITY_OPEN,2.5,2,153.0,768,120,-0.3965,0.0354,0.2604,0.4167,0.3105,0.756687,0.790791,NO-BENEFIT (avg_r_after >= 0)
MGC,US_EQUITY_OPEN,2.5,3,178.0,728,107,-0.367,0.1087,0.2651,0.4486,0.8971,0.371711,0.437099,NO-BENEFIT (avg_r_after >= 0)
MGC,US_EQUITY_OPEN,2.5,4,192.0,700,101,-0.3603,0.1248,0.2671,0.4455,0.9804,0.329237,0.394659,NO-BENEFIT (avg_r_after >= 0)
MGC,US_EQUITY_OPEN,2.5,5,213.0,678,81,-0.3791,0.3399,0.2596,0.5185,2.3159,0.023124,0.037182,NO-BENEFIT (avg_r_after >= 0)
MGC,US_EQUITY_OPEN,3.0,1,148.0,1677,197,-0.4375,0.2645,0.2302,0.467,2.6794,0.008001,0.014731,NO-BENEFIT (avg_r_after >= 0)
MGC,US_EQUITY_OPEN,3.0,2,190.0,759,95,-0.4548,0.1395,0.2069,0.4105,0.9774,0.330867,0.395973,NO-BENEFIT (avg_r_after >= 0)
MGC,US_EQUITY_OPEN,3.0,3,210.0,716,85,-0.4334,0.2016,0.2081,0.4353,1.3321,0.186419,0.238868,NO-BENEFIT (avg_r_after >= 0)
MGC,US_EQUITY_OPEN,3.0,4,221.0,691,78,-0.4086,0.2906,0.2185,0.4615,1.8033,0.075258,0.107387,NO-BENEFIT (avg_r_after >= 0)
MGC,US_EQUITY_OPEN,3.0,5,244.0,653,68,-0.4591,0.3378,0.1991,0.4559,1.8577,0.067604,0.098357,NO-BENEFIT (avg_r_after >= 0)
MGC,US_EQUITY_OPEN,4.0,1,195.0,1624,157,-0.5093,0.3403,0.1613,0.414,2.6062,0.010043,0.017885,NO-BENEFIT (avg_r_after >= 0)
MGC,US_EQUITY_OPEN,4.0,2,233.0,731,64,-0.5698,0.2579,0.1327,0.375,1.2472,0.216933,0.273158,NO-BENEFIT (avg_r_after >= 0)
MGC,US_EQUITY_OPEN,4.0,3,262.0,692,51,-0.5568,0.4376,0.1329,0.4314,1.8587,0.068967,0.099948,NO-BENEFIT (avg_r_after >= 0)
MGC,US_EQUITY_OPEN,4.0,4,257.0,649,56,-0.5526,0.3596,0.1356,0.375,1.5048,0.138085,0.183948,NO-BENEFIT (avg_r_after >= 0)
MNQ,0030,1.0,1,38.0,1246,233,0.0176,0.1587,0.5289,0.5966,2.5355,0.011886,0.020606,NO-BENEFIT (avg_r_after >= 0)
MNQ,0030,1.0,2,66.0,568,112,0.0441,-0.0408,0.5405,0.4911,-0.44,0.660816,0.706521,DIRECTIONAL (not significant)
MNQ,0030,1.0,3,82.0,468,101,0.0107,0.0466,0.5214,0.5347,0.4772,0.634274,0.682074,NO-BENEFIT (avg_r_after >= 0)
MNQ,0030,1.0,4,92.0,419,95,0.0685,0.0307,0.5513,0.5263,0.3047,0.761249,0.79444,NO-BENEFIT (avg_r_after >= 0)
MNQ,0030,1.0,5,99.0,389,88,0.0625,0.0251,0.5476,0.5227,0.2388,0.811789,0.835433,NO-BENEFIT (avg_r_after >= 0)
MNQ,0030,1.5,1,66.0,1221,235,0.0373,0.1586,0.4316,0.4766,1.9973,0.046954,0.071247,NO-BENEFIT (avg_r_after >= 0)
MNQ,0030,1.5,2,124.0,587,76,0.0079,0.2867,0.4174,0.5263,2.0337,0.045518,0.06921,NO-BENEFIT (avg_r_after >= 0)
MNQ,0030,1.5,3,132.0,466,78,-0.0218,0.2541,0.4034,0.5128,1.8239,0.072049,0.103807,NO-BENEFIT (avg_r_after >= 0)
MNQ,0030,1.5,4,144.0,418,66,-0.0371,0.37,0.3971,0.5606,2.4592,0.016595,0.027733,NO-BENEFIT (avg_r_after >= 0)
MNQ,0030,1.5,5,147.0,387,65,-0.0398,0.314,0.3953,0.5385,2.0644,0.043038,0.065708,NO-BENEFIT (avg_r_after >= 0)
MNQ,0030,2.0,1,122.0,1264,160,-0.0027,0.6938,0.3457,0.5812,6.0832,0.0,0.0,NO-BENEFIT (avg_r_after >= 0)
MNQ,0030,2.0,2,160.0,577,66,-0.0003,0.6385,0.3449,0.5606,3.5483,0.000726,0.001751,NO-BENEFIT (avg_r_after >= 0)
MNQ,0030,2.0,3,206.0,470,48,-0.084,0.7101,0.3149,0.5833,3.3676,0.00152,0.003357,NO-BENEFIT (avg_r_after >= 0)
MNQ,0030,2.0,4,203.0,410,46,-0.1209,0.6552,0.3024,0.5652,3.027,0.004077,0.008067,NO-BENEFIT (avg_r_after >= 0)
MNQ,0030,2.0,5,222.0,385,43,-0.1018,0.7729,0.3091,0.6047,3.4929,0.001139,0.0026,NO-BENEFIT (avg_r_after >= 0)
MNQ,0030,2.5,1,155.0,1251,144,-0.0425,0.8876,0.2846,0.5556,6.2852,0.0,0.0,NO-BENEFIT (avg_r_after >= 0)
MNQ,0030,2.5,2,238.0,578,41,-0.0348,1.3291,0.2855,0.6829,5.2955,5e-06,2.1e-05,NO-BENEFIT (avg_r_after >= 0)
MNQ,0030,2.5,3,239.0,451,38,-0.1578,0.9798,0.2483,0.5789,3.5296,0.001133,0.002595,NO-BENEFIT (avg_r_after >= 0)
MNQ,0030,3.0,1,193.0,1228,119,-0.0898,0.9806,0.237,0.5126,5.5139,0.0,0.0,NO-BENEFIT (avg_r_after >= 0)
MNQ,0030,4.0,1,269.0,1190,85,-0.211,1.8522,0.1647,0.5882,7.1128,0.0,0.0,NO-BENEFIT (avg_r_after >= 0)
MNQ,0900,1.0,1,42.0,746,181,0.1277,0.0774,0.6434,0.5691,1.107,0.26977,0.332507,NO-BENEFIT (avg_r_after >= 0)
MNQ,0900,1.0,2,56.0,366,70,0.0892,0.112,0.612,0.5857,0.9931,0.32413,0.389166,NO-BENEFIT (avg_r_after >= 0)
MNQ,0900,1.0,3,62.0,280,58,0.0785,0.281,0.6,0.6724,2.3709,0.021148,0.034412,NO-BENEFIT (avg_r_after >= 0)
MNQ,0900,1.0,4,57.0,271,74,0.1147,-0.0023,0.6162,0.527,-0.0208,0.98349,0.984817,DIRECTIONAL (not significant)
MNQ,0900,1.0,5,68.0,267,64,0.0722,0.2205,0.588,0.6406,1.9126,0.060341,0.088835,NO-BENEFIT (avg_r_after >= 0)
MNQ,0900,1.5,1,74.0,778,158,0.1059,0.3401,0.5039,0.5696,3.6541,0.000351,0.000947,NO-BENEFIT (avg_r_after >= 0)
MNQ,0900,1.5,2,112.0,383,53,0.0882,0.3061,0.4856,0.5472,1.8561,0.069104,0.099952,NO-BENEFIT (avg_r_after >= 0)
MNQ,0900,1.5,3,108.0,273,59,0.0422,0.3295,0.4615,0.5593,2.1246,0.037897,0.058098,NO-BENEFIT (avg_r_after >= 0)
MNQ,0900,1.5,4,106.0,282,64,0.1239,0.109,0.4965,0.4688,0.732,0.466886,0.533535,NO-BENEFIT (avg_r_after >= 0)
MNQ,0900,1.5,5,117.0,268,62,0.1175,0.2238,0.4888,0.5161,1.4736,0.145723,0.193428,NO-BENEFIT (avg_r_after >= 0)
MNQ,0900,2.0,1,117.0,797,137,0.0857,0.55,0.4115,0.5474,4.5469,1.2e-05,4.6e-05,NO-BENEFIT (avg_r_after >= 0)
MNQ,0900,2.0,2,146.0,367,68,0.0908,0.2509,0.406,0.4412,1.457,0.149801,0.197429,NO-BENEFIT (avg_r_after >= 0)
MNQ,0900,2.0,3,159.0,274,58,0.0567,0.3191,0.3905,0.4655,1.7025,0.094112,0.132006,NO-BENEFIT (avg_r_after >= 0)
MNQ,0900,2.0,4,138.0,279,66,0.1559,0.1165,0.4265,0.3939,0.6775,0.500516,0.559312,NO-BENEFIT (avg_r_after >= 0)
MNQ,0900,2.0,5,175.0,264,66,0.1007,0.2055,0.4015,0.4242,1.1788,0.242772,0.301232,NO-BENEFIT (avg_r_after >= 0)
MNQ,0900,2.5,1,150.0,793,141,0.1095,0.5509,0.3607,0.4752,3.9928,0.000105,0.000318,NO-BENEFIT (avg_r_after >= 0)
MNQ,0900,2.5,2,171.0,359,75,0.1701,0.223,0.3733,0.3733,1.2086,0.230679,0.288155,NO-BENEFIT (avg_r_after >= 0)
MNQ,0900,2.5,4,215.0,284,61,0.2006,0.1925,0.3803,0.3607,0.9386,0.351691,0.415533,NO-BENEFIT (avg_r_after >= 0)
MNQ,0900,2.5,5,338.0,274,56,0.1675,0.4318,0.365,0.4286,1.9351,0.058128,0.086047,NO-BENEFIT (avg_r_after >= 0)
MNQ,0900,3.0,1,189.0,791,140,0.1527,0.553,0.3287,0.4143,3.5261,0.000572,0.001434,NO-BENEFIT (avg_r_after >= 0)
MNQ,0900,3.0,5,394.0,277,51,0.2263,0.5694,0.3357,0.4118,2.1447,0.036856,0.056737,NO-BENEFIT (avg_r_after >= 0)
MNQ,0900,4.0,1,351.0,799,129,0.2052,0.6797,0.2753,0.3566,3.4058,0.000882,0.002071,NO-BENEFIT (avg_r_after >= 0)
MNQ,1000,1.0,1,38.0,985,214,0.0525,0.0102,0.5848,0.5421,0.1605,0.872632,0.889413,NO-BENEFIT (avg_r_after >= 0)
MNQ,1000,1.0,2,48.0,371,70,0.1257,0.094,0.6199,0.5857,0.8471,0.399872,0.465055,NO-BENEFIT (avg_r_after >= 0)
MNQ,1000,1.0,3,54.0,218,45,0.087,0.1209,0.5917,0.6,0.8747,0.386465,0.451586,NO-BENEFIT (avg_r_after >= 0)
MNQ,1000,1.0,4,55.0,191,37,0.2526,0.1077,0.6806,0.5946,0.7054,0.485116,0.547046,NO-BENEFIT (avg_r_after >= 0)
MNQ,1000,1.5,1,64.0,964,221,0.1035,0.1232,0.4896,0.4842,1.5735,0.117036,0.159634,NO-BENEFIT (avg_r_after >= 0)
MNQ,1000,1.5,2,86.0,368,70,0.2049,0.1378,0.5299,0.4857,0.9767,0.332113,0.396298,NO-BENEFIT (avg_r_after >= 0)
MNQ,1000,1.5,3,129.0,216,39,0.0649,0.2584,0.463,0.5385,1.3659,0.180008,0.232289,NO-BENEFIT (avg_r_after >= 0)
MNQ,1000,1.5,4,130.0,188,37,0.2552,0.3215,0.5426,0.5676,1.67,0.103592,0.143405,NO-BENEFIT (avg_r_after >= 0)
MNQ,1000,2.0,1,117.0,998,179,0.0722,0.3588,0.3958,0.486,3.4207,0.000775,0.001849,NO-BENEFIT (avg_r_after >= 0)
MNQ,1000,2.0,2,226.0,384,51,0.1527,0.719,0.4219,0.6078,3.6767,0.000577,0.001442,NO-BENEFIT (avg_r_after >= 0)
MNQ,1000,2.5,1,210.0,1026,151,0.0429,0.4857,0.3294,0.457,3.6683,0.000338,0.000919,NO-BENEFIT (avg_r_after >= 0)
MNQ,1000,2.5,2,322.0,390,44,0.146,1.1524,0.359,0.6591,4.8732,1.5e-05,5.5e-05,NO-BENEFIT (avg_r_after >= 0)
MNQ,1000,3.0,1,335.0,1066,110,0.0214,1.0774,0.2824,0.5545,6.0332,0.0,0.0,NO-BENEFIT (avg_r_after >= 0)
MNQ,1000,3.0,2,395.0,387,46,0.1789,1.1216,0.323,0.5652,4.0373,0.000208,0.000591,NO-BENEFIT (avg_r_after >= 0)
MNQ,1000,3.0,3,412.0,222,33,0.0356,1.2678,0.2793,0.6061,3.9169,0.000442,0.001155,NO-BENEFIT (avg_r_after >= 0)
MNQ,1000,3.0,4,412.0,192,32,0.315,1.1197,0.3542,0.5625,3.3301,0.002251,0.004772,NO-BENEFIT (avg_r_after >= 0)
MNQ,1000,4.0,1,430.0,1065,111,0.066,1.4484,0.2357,0.5225,6.4847,0.0,0.0,NO-BENEFIT (avg_r_after >= 0)
MNQ,1100,1.0,1,43.0,1232,232,-0.073,0.1002,0.5244,0.5948,1.6737,0.095535,0.133749,NO-BENEFIT (avg_r_after >= 0)
MNQ,1100,1.0,2,64.0,615,112,-0.0712,0.1214,0.5171,0.5982,1.3894,0.167493,0.218418,NO-BENEFIT (avg_r_after >= 0)
MNQ,1100,1.0,3,70.0,514,106,-0.0278,0.0175,0.5409,0.5377,0.1897,0.849917,0.869846,NO-BENEFIT (avg_r_after >= 0)
MNQ,1100,1.0,4,85.0,491,111,-0.002,0.0362,0.5499,0.5495,0.4037,0.687221,0.729496,NO-BENEFIT (avg_r_after >= 0)
MNQ,1100,1.0,5,93.0,469,108,-0.0097,-0.004,0.5437,0.5278,-0.0437,0.965249,0.971745,DIRECTIONAL (not significant)
MNQ,1100,1.5,1,93.0,1290,201,-0.0675,0.3788,0.4225,0.592,4.668,6e-06,2.5e-05,NO-BENEFIT (avg_r_after >= 0)
MNQ,1100,1.5,2,138.0,641,93,-0.0914,0.3922,0.4056,0.5914,3.2471,0.001627,0.003572,NO-BENEFIT (avg_r_after >= 0)
MNQ,1100,1.5,3,151.0,540,84,-0.05,0.4051,0.4222,0.5952,3.1812,0.002063,0.004424,NO-BENEFIT (avg_r_after >= 0)
MNQ,1100,1.5,4,154.0,505,96,-0.0164,0.1521,0.4337,0.4896,1.2583,0.211373,0.267187,NO-BENEFIT (avg_r_after >= 0)
MNQ,1100,1.5,5,158.0,487,96,-0.0237,0.1321,0.4292,0.4792,1.0897,0.278605,0.342827,NO-BENEFIT (avg_r_after >= 0)
MNQ,1100,2.0,1,135.0,1293,202,-0.0489,0.3908,0.3604,0.495,3.94,0.000112,0.000338,NO-BENEFIT (avg_r_after >= 0)
MNQ,1100,2.0,2,229.0,660,76,-0.086,0.639,0.3409,0.5789,3.9545,0.000172,0.000504,NO-BENEFIT (avg_r_after >= 0)
MNQ,1100,2.0,3,231.0,552,72,-0.0603,0.6516,0.3478,0.5833,3.9276,0.000197,0.000567,NO-BENEFIT (avg_r_after >= 0)
MNQ,1100,2.0,4,276.0,534,67,-0.0427,0.6968,0.3521,0.597,4.0568,0.000134,0.000401,NO-BENEFIT (avg_r_after >= 0)
MNQ,1100,2.0,5,265.0,512,71,-0.0144,0.5655,0.3613,0.5493,3.3331,0.001375,0.003073,NO-BENEFIT (avg_r_after >= 0)
MNQ,1100,2.5,1,215.0,1320,177,-0.0439,0.6537,0.3114,0.5028,5.2675,0.0,0.0,NO-BENEFIT (avg_r_after >= 0)
MNQ,1100,2.5,2,326.0,676,59,-0.0672,1.1331,0.2988,0.6441,5.4357,1e-06,5e-06,NO-BENEFIT (avg_r_after >= 0)
MNQ,1100,2.5,3,349.0,568,55,-0.085,1.0607,0.2905,0.6182,4.8081,1.3e-05,4.9e-05,NO-BENEFIT (avg_r_after >= 0)
MNQ,1100,2.5,4,324.0,539,62,-0.0125,0.9329,0.3117,0.5806,4.4324,3.9e-05,0.00013,NO-BENEFIT (avg_r_after >= 0)
MNQ,1100,2.5,5,351.0,523,61,-0.0083,0.8092,0.3117,0.541,3.7596,0.000388,0.001028,NO-BENEFIT (avg_r_after >= 0)
MNQ,1100,3.0,1,298.0,1356,141,-0.0469,1.1641,0.2706,0.5745,7.386,0.0,0.0,NO-BENEFIT (avg_r_after >= 0)
MNQ,1100,3.0,2,371.0,676,59,-0.0728,1.1159,0.2589,0.5593,4.5195,3.1e-05,0.000106,NO-BENEFIT (avg_r_after >= 0)
MNQ,1100,3.0,3,400.0,567,56,-0.135,1.238,0.2399,0.5893,4.9089,9e-06,3.5e-05,NO-BENEFIT (avg_r_after >= 0)
MNQ,1100,3.0,4,376.0,539,62,-0.0248,0.8304,0.269,0.4839,3.4265,0.0011,0.002527,NO-BENEFIT (avg_r_after >= 0)
MNQ,1100,3.0,5,411.0,527,57,-0.0521,1.001,0.26,0.5263,3.9423,0.000227,0.00064,NO-BENEFIT (avg_r_after >= 0)
MNQ,1100,4.0,1,406.0,1372,124,-0.1141,1.3851,0.2012,0.5081,6.536,0.0,0.0,NO-BENEFIT (avg_r_after >= 0)
MNQ,1100,4.0,2,461.0,679,54,-0.0952,1.2967,0.2018,0.4815,3.9591,0.000226,0.00064,NO-BENEFIT (avg_r_after >= 0)
MNQ,1100,4.0,3,472.0,561,59,-0.2095,1.1652,0.1747,0.4576,3.7618,0.000395,0.001042,NO-BENEFIT (avg_r_after >= 0)
MNQ,1100,4.0,4,486.0,547,50,-0.0793,1.0946,0.2029,0.44,3.2413,0.002142,0.004567,NO-BENEFIT (avg_r_after >= 0)
MNQ,1100,4.0,5,480.0,525,55,-0.1256,0.8196,0.1924,0.3818,2.6006,0.01198,0.020721,NO-BENEFIT (avg_r_after >= 0)
MNQ,1800,1.0,1,53.0,1233,259,0.043,0.0333,0.5653,0.5483,0.5695,0.569509,0.623268,NO-BENEFIT (avg_r_after >= 0)
MNQ,1800,1.0,2,71.0,576,125,0.081,-0.0114,0.5799,0.52,-0.1337,0.893896,0.904083,DIRECTIONAL (not significant)
MNQ,1800,1.0,3,88.0,499,116,0.0783,-0.0784,0.5772,0.4828,-0.8807,0.380336,0.446534,DIRECTIONAL (not significant)
MNQ,1800,1.0,4,97.0,460,118,0.0443,-0.109,0.5565,0.4661,-1.2364,0.218805,0.274245,DIRECTIONAL (not significant)
MNQ,1800,1.0,5,105.0,435,116,0.0186,-0.0446,0.5402,0.5,-0.5003,0.617788,0.66822,DIRECTIONAL (not significant)
MNQ,1800,1.5,1,94.0,1243,260,0.0713,0.1693,0.465,0.4962,2.311,0.021619,0.035101,NO-BENEFIT (avg_r_after >= 0)
MNQ,1800,1.5,2,148.0,612,95,0.0475,0.2989,0.4493,0.5474,2.4512,0.016087,0.027006,NO-BENEFIT (avg_r_after >= 0)
MNQ,1800,1.5,3,162.0,520,94,0.0421,0.1684,0.4462,0.4894,1.3606,0.176937,0.229123,NO-BENEFIT (avg_r_after >= 0)
MNQ,1800,1.5,4,171.0,480,99,0.0154,0.0871,0.4333,0.4545,0.7243,0.470616,0.535578,NO-BENEFIT (avg_r_after >= 0)
MNQ,1800,1.5,5,193.0,461,90,-0.0397,0.1148,0.4078,0.4667,0.9083,0.366177,0.431275,NO-BENEFIT (avg_r_after >= 0)
MNQ,1800,2.0,1,178.0,1311,192,0.0341,0.5932,0.3738,0.5625,5.8298,0.0,0.0,NO-BENEFIT (avg_r_after >= 0)
MNQ,1800,2.0,2,227.0,622,84,0.0114,0.5979,0.3617,0.5595,3.8403,0.000239,0.000672,NO-BENEFIT (avg_r_after >= 0)
MNQ,1800,2.0,3,238.0,535,78,0.006,0.4319,0.3589,0.5,2.6459,0.009874,0.017736,NO-BENEFIT (avg_r_after >= 0)
MNQ,1800,2.0,4,259.0,512,67,-0.0704,0.5791,0.3301,0.5522,3.3068,0.001529,0.003367,NO-BENEFIT (avg_r_after >= 0)
MNQ,1800,2.0,5,269.0,492,58,-0.0771,0.6961,0.3272,0.5862,3.687,0.000508,0.001309,NO-BENEFIT (avg_r_after >= 0)
MNQ,1800,2.5,1,239.0,1331,170,-0.0072,0.7164,0.3073,0.5176,5.6175,0.0,0.0,NO-BENEFIT (avg_r_after >= 0)
MNQ,1800,2.5,2,284.0,642,64,-0.0305,1.1371,0.2975,0.6406,5.6354,0.0,0.0,NO-BENEFIT (avg_r_after >= 0)
MNQ,1800,2.5,3,302.0,556,56,-0.0648,0.9683,0.286,0.5893,4.3681,5.6e-05,0.00018,NO-BENEFIT (avg_r_after >= 0)
MNQ,1800,2.5,4,307.0,524,54,-0.0735,1.0492,0.2824,0.6111,4.6709,2.1e-05,7.4e-05,NO-BENEFIT (avg_r_after >= 0)
MNQ,1800,2.5,5,310.0,499,51,-0.0838,1.0558,0.2786,0.6078,4.5196,3.8e-05,0.000128,NO-BENEFIT (avg_r_after >= 0)
MNQ,1800,3.0,1,294.0,1392,106,-0.0653,1.7584,0.2529,0.7264,10.6366,0.0,0.0,NO-BENEFIT (avg_r_after >= 0)
MNQ,1800,3.0,2,321.0,649,55,-0.0476,1.4922,0.2558,0.6545,6.0525,0.0,0.0,NO-BENEFIT (avg_r_after >= 0)
MNQ,1800,3.0,3,322.0,565,46,-0.094,1.2476,0.2425,0.587,4.4376,5.8e-05,0.000185,NO-BENEFIT (avg_r_after >= 0)
MNQ,1800,3.0,4,319.0,526,50,-0.0934,0.995,0.2414,0.52,3.6329,0.00067,0.001635,NO-BENEFIT (avg_r_after >= 0)
MNQ,1800,3.0,5,320.0,497,50,-0.0783,1.0813,0.2455,0.54,3.9385,0.000259,0.00072,NO-BENEFIT (avg_r_after >= 0)
MNQ,1800,4.0,1,327.0,1396,102,-0.0872,1.6101,0.1977,0.549,6.8373,0.0,0.0,NO-BENEFIT (avg_r_after >= 0)
MNQ,1800,4.0,2,346.0,656,48,-0.0794,1.5913,0.1982,0.5417,4.5753,3.5e-05,0.000119,NO-BENEFIT (avg_r_after >= 0)
MNQ,1800,4.0,3,348.0,568,43,-0.1047,1.3345,0.1919,0.4884,3.6186,0.000789,0.001876,NO-BENEFIT (avg_r_after >= 0)
MNQ,CME_OPEN,1.0,1,82.0,621,131,0.0157,0.0035,0.5443,0.5267,0.0421,0.966506,0.971745,NO-BENEFIT (avg_r_after >= 0)
MNQ,CME_OPEN,1.0,2,92.0,268,61,-0.0043,-0.153,0.5299,0.4426,-1.2461,0.217569,0.273158,DIRECTIONAL (not significant)
MNQ,CME_OPEN,1.0,3,102.0,220,48,-0.0656,-0.0367,0.4955,0.5,-0.2608,0.795388,0.819692,DIRECTIONAL (not significant)
MNQ,CME_OPEN,1.0,5,154.0,192,37,-0.0426,0.0951,0.5052,0.5676,0.5968,0.554343,0.610778,NO-BENEFIT (avg_r_after >= 0)
MNQ,CME_OPEN,1.5,1,264.0,574,76,-0.1271,0.3856,0.3728,0.5789,2.8235,0.006081,0.011423,NO-BENEFIT (avg_r_after >= 0)
MNQ,CME_OPEN,2.0,1,430.0,556,62,-0.1287,0.6196,0.3094,0.5645,3.3992,0.001196,0.002714,NO-BENEFIT (avg_r_after >= 0)
MNQ,CME_OPEN,2.5,1,496.0,533,70,-0.1741,0.5756,0.2514,0.4714,2.8639,0.00554,0.010513,NO-BENEFIT (avg_r_after >= 0)
MNQ,US_EQUITY_OPEN,1.0,1,55.0,1239,246,0.0606,0.1125,0.544,0.5691,1.818,0.070293,0.101474,NO-BENEFIT (avg_r_after >= 0)
MNQ,US_EQUITY_OPEN,1.0,2,77.0,564,116,0.1046,0.0484,0.5656,0.5345,0.5306,0.596741,0.647342,NO-BENEFIT (avg_r_after >= 0)
MNQ,US_EQUITY_OPEN,1.0,3,91.0,470,107,0.0729,0.0835,0.5489,0.5514,0.8795,0.381122,0.44675,NO-BENEFIT (avg_r_after >= 0)
MNQ,US_EQUITY_OPEN,1.0,4,108.0,429,100,0.1171,0.0027,0.5711,0.51,0.0274,0.978194,0.980838,NO-BENEFIT (avg_r_after >= 0)
MNQ,US_EQUITY_OPEN,1.0,5,130.0,400,84,0.0481,0.0758,0.535,0.5476,0.7062,0.482046,0.544975,NO-BENEFIT (avg_r_after >= 0)
MNQ,US_EQUITY_OPEN,1.5,1,91.0,1212,223,0.0568,0.2399,0.434,0.5067,2.9214,0.003844,0.007721,NO-BENEFIT (avg_r_after >= 0)
MNQ,US_EQUITY_OPEN,1.5,2,155.0,562,85,0.1029,0.356,0.452,0.5529,2.6759,0.00896,0.016416,NO-BENEFIT (avg_r_after >= 0)
MNQ,US_EQUITY_OPEN,1.5,3,180.0,464,74,0.0422,0.3925,0.4267,0.5676,2.7585,0.007334,0.013571,NO-BENEFIT (avg_r_after >= 0)
MNQ,US_EQUITY_OPEN,1.5,4,196.0,419,70,0.0792,0.3679,0.4415,0.5571,2.5058,0.014581,0.024645,NO-BENEFIT (avg_r_after >= 0)
MNQ,US_EQUITY_OPEN,1.5,5,188.0,381,70,0.0795,0.368,0.4409,0.5571,2.5064,0.014558,0.024645,NO-BENEFIT (avg_r_after >= 0)
MNQ,US_EQUITY_OPEN,2.0,1,163.0,1198,186,0.0489,0.5316,0.3589,0.5215,4.9282,2e-06,9e-06,NO-BENEFIT (avg_r_after >= 0)
MNQ,US_EQUITY_OPEN,2.0,2,214.0,544,63,0.114,0.4912,0.3805,0.5079,2.635,0.010613,0.018661,NO-BENEFIT (avg_r_after >= 0)
MNQ,US_EQUITY_OPEN,2.0,3,246.0,449,52,-0.0016,0.7535,0.3408,0.5962,3.7282,0.000485,0.001258,NO-BENEFIT (avg_r_after >= 0)
MNQ,US_EQUITY_OPEN,2.0,4,226.0,387,58,0.0748,0.419,0.3669,0.4828,2.1537,0.035505,0.054771,NO-BENEFIT (avg_r_after >= 0)
MNQ,US_EQUITY_OPEN,2.0,5,268.0,367,44,0.0083,0.7412,0.3433,0.5909,3.3546,0.001668,0.003651,NO-BENEFIT (avg_r_after >= 0)
MNQ,US_EQUITY_OPEN,2.5,1,216.0,1172,155,0.0035,0.7421,0.2944,0.5097,5.3891,0.0,0.0,NO-BENEFIT (avg_r_after >= 0)
MNQ,US_EQUITY_OPEN,2.5,2,240.0,519,57,0.059,0.6163,0.3102,0.4737,2.7067,0.008992,0.016434,NO-BENEFIT (avg_r_after >= 0)
MNQ,US_EQUITY_OPEN,2.5,4,299.0,385,39,0.0121,1.023,0.2961,0.5897,3.737,0.000611,0.001511,NO-BENEFIT (avg_r_after >= 0)
MNQ,US_EQUITY_OPEN,3.0,1,235.0,1117,132,-0.1077,0.8012,0.2292,0.4621,4.7188,6e-06,2.5e-05,NO-BENEFIT (avg_r_after >= 0)
MNQ,US_EQUITY_OPEN,4.0,1,304.0,1089,78,-0.258,1.5599,0.1524,0.5256,5.6279,0.0,0.0,NO-BENEFIT (avg_r_after >= 0)
