symbol,session,rr_target,confirm_bars,n_winners,sample_class,session_max_min,t50,t80,t90,t95,t_max_obs,dead_exposure_min
MES,0030,1.0,1,1713,CORE,300,14.0,38.0,63.0,106.0,444.0,262.0
MES,0030,1.0,2,847,CORE,300,22.0,59.0,102.0,170.0,419.0,241.0
MES,0030,1.0,3,847,CORE,300,25.0,71.0,130.0,188.0,445.0,229.0
MES,0030,1.0,4,843,CORE,300,29.0,75.0,137.0,202.0,441.0,225.0
MES,0030,1.0,5,831,CORE,300,32.0,86.0,146.0,206.0,434.0,214.0
MES,0030,1.5,1,1367,CORE,300,27.0,73.0,127.0,197.0,444.0,227.0
MES,0030,1.5,2,677,CORE,300,41.0,111.0,187.0,244.0,443.0,189.0
MES,0030,1.5,3,658,CORE,300,48.0,136.0,205.0,261.0,467.0,164.0
MES,0030,1.5,4,640,CORE,300,55.0,147.0,212.0,284.0,487.0,153.0
MES,0030,1.5,5,637,CORE,300,60.0,167.0,241.0,290.0,472.0,133.0
MES,0030,2.0,1,1157,CORE,300,42.0,120.0,200.0,263.0,450.0,180.0
MES,0030,2.0,2,543,CORE,300,63.0,158.0,249.0,294.0,449.0,142.0
MES,0030,2.0,3,518,CORE,300,70.0,194.0,262.0,318.0,487.0,106.0
MES,0030,2.0,4,511,CORE,300,78.0,192.0,276.0,325.0,487.0,108.0
MES,0030,2.0,5,491,CORE,300,90.0,214.0,284.0,329.0,472.0,86.0
MES,0030,2.5,1,939,CORE,300,61.0,157.0,250.0,312.0,491.0,143.0
MES,0030,2.5,2,433,CORE,300,88.0,211.0,288.0,335.0,469.0,89.0
MES,0030,2.5,3,409,CORE,300,92.0,226.0,286.0,336.0,460.0,74.0
MES,0030,2.5,4,402,CORE,300,103.0,240.0,296.0,332.0,483.0,60.0
MES,0030,2.5,5,374,CORE,300,114.0,254.0,304.0,339.0,467.0,46.0
MES,0030,3.0,1,778,CORE,300,84.0,204.0,286.0,332.0,471.0,96.0
MES,0030,3.0,2,356,CORE,300,118.0,250.0,300.0,356.0,478.0,50.0
MES,0030,3.0,3,330,CORE,300,131.0,255.0,304.0,326.0,477.0,45.0
MES,0030,3.0,4,314,CORE,300,131.0,261.0,308.0,359.0,457.0,39.0
MES,0030,3.0,5,294,CORE,300,138.0,272.0,313.0,359.0,453.0,28.0
MES,0030,4.0,1,553,CORE,300,117.0,238.0,298.0,344.0,490.0,62.0
MES,0030,4.0,2,231,CORE,300,159.0,289.0,322.0,374.0,489.0,11.0
MES,0030,4.0,3,201,CORE,300,163.0,291.0,319.0,368.0,460.0,9.0
MES,0030,4.0,4,197,PRELIMINARY,300,173.0,273.0,300.0,322.0,479.0,27.0
MES,0030,4.0,5,177,PRELIMINARY,300,160.0,285.0,317.0,366.0,478.0,15.0
MES,0900,1.0,1,1303,CORE,480,13.0,40.0,77.0,139.0,926.0,440.0
MES,0900,1.0,2,629,CORE,480,16.0,48.0,92.0,163.0,923.0,432.0
MES,0900,1.0,3,619,CORE,480,20.0,58.0,107.0,224.0,1076.0,422.0
MES,0900,1.0,4,631,CORE,480,21.0,60.0,123.0,246.0,1074.0,420.0
MES,0900,1.0,5,627,CORE,480,23.0,74.0,138.0,287.0,1074.0,406.0
MES,0900,1.5,1,1055,CORE,480,26.0,73.0,156.0,420.0,1092.0,407.0
MES,0900,1.5,2,509,CORE,480,34.0,101.0,233.0,471.0,1096.0,379.0
MES,0900,1.5,3,503,CORE,480,39.0,126.0,300.0,501.0,1139.0,354.0
MES,0900,1.5,4,491,CORE,480,40.0,132.0,301.0,467.0,1136.0,348.0
MES,0900,1.5,5,495,CORE,480,42.0,139.0,326.0,512.0,1106.0,341.0
MES,0900,2.0,1,892,CORE,480,38.0,119.0,278.0,535.0,1195.0,361.0
MES,0900,2.0,2,437,CORE,480,48.0,144.0,400.0,538.0,1192.0,336.0
MES,0900,2.0,3,417,CORE,480,56.0,206.0,428.0,597.0,1191.0,274.0
MES,0900,2.0,4,406,CORE,480,57.0,221.0,427.0,530.0,1205.0,259.0
MES,0900,2.0,5,411,CORE,480,60.0,219.0,410.0,524.0,1233.0,261.0
MES,0900,2.5,1,743,CORE,480,49.0,166.0,417.0,595.0,1248.0,314.0
MES,0900,2.5,2,352,CORE,480,64.0,261.0,483.0,630.0,1245.0,219.0
MES,0900,2.5,3,346,CORE,480,74.0,301.0,494.0,716.0,1244.0,179.0
MES,0900,2.5,4,339,CORE,480,86.0,349.0,505.0,720.0,1297.0,131.0
MES,0900,2.5,5,337,CORE,480,81.0,339.0,482.0,717.0,1262.0,141.0
MES,0900,3.0,1,660,CORE,480,57.0,236.0,500.0,667.0,1299.0,244.0
MES,0900,3.0,2,314,CORE,480,83.0,362.0,537.0,722.0,1265.0,118.0
MES,0900,3.0,3,300,CORE,480,94.0,398.0,563.0,853.0,1264.0,82.0
MES,0900,3.0,4,302,CORE,480,109.0,426.0,615.0,830.0,1296.0,54.0
MES,0900,3.0,5,300,CORE,480,111.0,434.0,614.0,842.0,1297.0,46.0
MES,0900,4.0,1,533,CORE,480,84.0,379.0,586.0,849.0,1304.0,101.0
MES,0900,4.0,2,251,CORE,480,121.0,449.0,613.0,854.0,1302.0,31.0
MES,0900,4.0,3,247,CORE,480,132.0,483.0,642.0,877.0,1299.0,-3.0
MES,0900,4.0,4,238,CORE,480,152.0,541.0,805.0,922.0,1305.0,-61.0
MES,0900,4.0,5,234,CORE,480,170.0,568.0,816.0,874.0,1310.0,-88.0
MES,1000,1.0,1,1585,CORE,480,15.0,39.0,66.0,95.0,646.0,441.0
MES,1000,1.0,2,751,CORE,480,21.0,59.0,96.0,212.0,647.0,421.0
MES,1000,1.0,3,746,CORE,480,24.0,68.0,108.0,242.0,650.0,412.0
MES,1000,1.0,4,747,CORE,480,28.0,75.0,137.0,276.0,732.0,405.0
MES,1000,1.0,5,723,CORE,480,31.0,77.0,142.0,283.0,650.0,403.0
MES,1000,1.5,1,1266,CORE,480,29.0,75.0,134.0,263.0,870.0,405.0
MES,1000,1.5,2,599,CORE,480,43.0,106.0,270.0,347.0,1053.0,374.0
MES,1000,1.5,3,592,CORE,480,51.0,149.0,310.0,417.0,962.0,331.0
MES,1000,1.5,4,575,CORE,480,53.0,166.0,321.0,421.0,961.0,314.0
MES,1000,1.5,5,570,CORE,480,57.0,183.0,320.0,413.0,820.0,297.0
MES,1000,2.0,1,1076,CORE,480,47.0,117.0,293.0,384.0,894.0,363.0
MES,1000,2.0,2,501,CORE,480,72.0,241.0,379.0,448.0,870.0,239.0
MES,1000,2.0,3,481,CORE,480,79.0,291.0,385.0,455.0,863.0,189.0
MES,1000,2.0,4,485,CORE,480,84.0,302.0,418.0,534.0,872.0,178.0
MES,1000,2.0,5,486,CORE,480,88.0,318.0,427.0,542.0,1145.0,162.0
MES,1000,2.5,1,921,CORE,480,70.0,228.0,365.0,448.0,1169.0,252.0
MES,1000,2.5,2,427,CORE,480,95.0,332.0,422.0,536.0,1148.0,148.0
MES,1000,2.5,3,410,CORE,480,115.0,369.0,459.0,635.0,1150.0,111.0
MES,1000,2.5,4,404,CORE,480,153.0,398.0,490.0,717.0,1161.0,82.0
MES,1000,2.5,5,404,CORE,480,154.0,382.0,489.0,768.0,1238.0,98.0
MES,1000,3.0,1,803,CORE,480,88.0,329.0,430.0,543.0,1214.0,151.0
MES,1000,3.0,2,372,CORE,480,146.0,410.0,524.0,727.0,1239.0,70.0
MES,1000,3.0,3,353,CORE,480,172.0,411.0,554.0,800.0,1240.0,69.0
MES,1000,3.0,4,352,CORE,480,208.0,433.0,638.0,850.0,1307.0,47.0
MES,1000,3.0,5,360,CORE,480,231.0,443.0,663.0,839.0,1168.0,37.0
MES,1000,4.0,1,621,CORE,480,165.0,435.0,565.0,781.0,1360.0,45.0
MES,1000,4.0,2,290,CORE,480,288.0,478.0,715.0,842.0,1063.0,2.0
MES,1000,4.0,3,286,CORE,480,328.0,528.0,809.0,871.0,1066.0,-48.0
MES,1000,4.0,4,284,CORE,480,339.0,529.0,803.0,881.0,1157.0,-49.0
MES,1000,4.0,5,277,CORE,480,352.0,549.0,804.0,869.0,1093.0,-69.0
MES,1100,1.0,1,1720,CORE,420,12.0,31.0,59.0,124.0,666.0,389.0
MES,1100,1.0,2,882,CORE,420,17.0,50.0,98.0,166.0,792.0,370.0
MES,1100,1.0,3,857,CORE,420,20.0,65.0,126.0,223.0,662.0,355.0
MES,1100,1.0,4,877,CORE,420,23.0,76.0,143.0,252.0,661.0,344.0
MES,1100,1.0,5,862,CORE,420,25.0,86.0,169.0,278.0,789.0,334.0
MES,1100,1.5,1,1357,CORE,420,22.0,66.0,142.0,268.0,822.0,354.0
MES,1100,1.5,2,688,CORE,420,34.0,119.0,240.0,315.0,795.0,301.0
MES,1100,1.5,3,682,CORE,420,41.0,140.0,253.0,326.0,791.0,280.0
MES,1100,1.5,4,682,CORE,420,42.0,166.0,289.0,351.0,950.0,254.0
MES,1100,1.5,5,658,CORE,420,51.0,184.0,295.0,364.0,819.0,236.0
MES,1100,2.0,1,1147,CORE,420,31.0,107.0,236.0,322.0,1029.0,313.0
MES,1100,2.0,2,561,CORE,420,54.0,230.0,319.0,387.0,1020.0,190.0
MES,1100,2.0,3,570,CORE,420,67.0,258.0,347.0,431.0,994.0,162.0
MES,1100,2.0,4,565,CORE,420,79.0,261.0,355.0,457.0,1191.0,159.0
MES,1100,2.0,5,562,CORE,420,87.0,270.0,358.0,447.0,1184.0,150.0
MES,1100,2.5,1,971,CORE,420,47.0,190.0,319.0,393.0,1195.0,230.0
MES,1100,2.5,2,471,CORE,420,95.0,293.0,375.0,458.0,909.0,127.0
MES,1100,2.5,3,465,CORE,420,103.0,328.0,400.0,516.0,1194.0,92.0
MES,1100,2.5,4,476,CORE,420,129.0,329.0,413.0,500.0,909.0,91.0
MES,1100,2.5,5,469,CORE,420,136.0,348.0,431.0,589.0,937.0,72.0
MES,1100,3.0,1,845,CORE,420,63.0,281.0,381.0,466.0,888.0,139.0
MES,1100,3.0,2,424,CORE,420,135.0,355.0,431.0,537.0,913.0,65.0
MES,1100,3.0,3,410,CORE,420,155.0,357.0,468.0,650.0,1029.0,63.0
MES,1100,3.0,4,413,CORE,420,198.0,388.0,476.0,696.0,1103.0,32.0
MES,1100,3.0,5,409,CORE,420,213.0,396.0,510.0,685.0,1117.0,24.0
MES,1100,4.0,1,677,CORE,420,137.0,366.0,480.0,684.0,1059.0,54.0
MES,1100,4.0,2,342,CORE,420,261.0,418.0,548.0,742.0,1150.0,2.0
MES,1100,4.0,3,337,CORE,420,282.0,472.0,657.0,746.0,1126.0,-52.0
MES,1100,4.0,4,341,CORE,420,308.0,481.0,659.0,741.0,1299.0,-61.0
MES,1100,4.0,5,325,CORE,420,336.0,513.0,711.0,793.0,1160.0,-93.0
MES,1800,1.0,1,1647,CORE,420,15.0,42.0,69.0,97.0,370.0,378.0
MES,1800,1.0,2,859,CORE,420,21.0,60.0,96.0,141.0,705.0,360.0
MES,1800,1.0,3,847,CORE,420,25.0,75.0,115.0,168.0,733.0,345.0
MES,1800,1.0,4,849,CORE,420,28.0,81.0,135.0,197.0,730.0,339.0
MES,1800,1.0,5,835,CORE,420,33.0,85.0,142.0,200.0,731.0,335.0
MES,1800,1.5,1,1342,CORE,420,27.0,78.0,122.0,188.0,706.0,342.0
MES,1800,1.5,2,684,CORE,420,41.0,109.0,181.0,241.0,723.0,311.0
MES,1800,1.5,3,685,CORE,420,51.0,132.0,217.0,295.0,746.0,288.0
MES,1800,1.5,4,695,CORE,420,56.0,150.0,230.0,304.0,744.0,270.0
MES,1800,1.5,5,670,CORE,420,70.0,158.0,248.0,316.0,744.0,262.0
MES,1800,2.0,1,1106,CORE,420,45.0,121.0,204.0,268.0,724.0,299.0
MES,1800,2.0,2,571,CORE,420,69.0,189.0,255.0,319.0,740.0,231.0
MES,1800,2.0,3,559,CORE,420,88.0,228.0,308.0,336.0,755.0,192.0
MES,1800,2.0,4,571,CORE,420,93.0,226.0,298.0,337.0,768.0,194.0
MES,1800,2.0,5,546,CORE,420,108.0,239.0,316.0,360.0,731.0,181.0
MES,1800,2.5,1,944,CORE,420,73.0,198.0,275.0,331.0,771.0,222.0
MES,1800,2.5,2,481,CORE,420,114.0,258.0,324.0,380.0,770.0,162.0
MES,1800,2.5,3,477,CORE,420,131.0,296.0,333.0,383.0,735.0,124.0
MES,1800,2.5,4,482,CORE,420,143.0,301.0,336.0,387.0,758.0,119.0
MES,1800,2.5,5,468,CORE,420,162.0,306.0,369.0,399.0,753.0,114.0
MES,1800,3.0,1,824,CORE,420,100.0,247.0,323.0,356.0,836.0,173.0
MES,1800,3.0,2,414,CORE,420,152.0,319.0,354.0,389.0,835.0,101.0
MES,1800,3.0,3,421,CORE,420,168.0,323.0,374.0,425.0,858.0,97.0
MES,1800,3.0,4,424,CORE,420,179.0,324.0,379.0,424.0,866.0,96.0
MES,1800,3.0,5,416,CORE,420,214.0,333.0,401.0,491.0,856.0,87.0
MES,1800,4.0,1,658,CORE,420,163.0,327.0,386.0,429.0,740.0,93.0
MES,1800,4.0,2,332,CORE,420,239.0,352.0,407.0,513.0,740.0,68.0
MES,1800,4.0,3,334,CORE,420,259.0,379.0,430.0,523.0,867.0,41.0
MES,1800,4.0,4,325,CORE,420,275.0,377.0,442.0,546.0,821.0,43.0
MES,1800,4.0,5,309,CORE,420,265.0,383.0,427.0,536.0,820.0,37.0
MES,CME_CLOSE,1.0,1,897,CORE,180,6.0,16.0,43.0,126.0,186.0,164.0
MES,CME_CLOSE,1.0,2,373,CORE,180,7.0,42.0,106.0,135.0,173.0,138.0
MES,CME_CLOSE,1.0,3,328,CORE,180,8.0,47.0,129.0,145.0,184.0,133.0
MES,CME_CLOSE,1.0,4,252,CORE,180,11.0,48.0,126.0,137.0,181.0,132.0
MES,CME_CLOSE,1.0,5,199,PRELIMINARY,180,15.0,57.0,124.0,135.0,168.0,123.0
MES,CME_CLOSE,1.5,1,582,CORE,180,8.0,42.0,66.0,133.0,179.0,138.0
MES,CME_CLOSE,1.5,2,184,PRELIMINARY,180,14.0,51.0,127.0,139.0,184.0,129.0
MES,CME_CLOSE,1.5,3,158,PRELIMINARY,180,18.0,58.0,127.0,144.0,184.0,122.0
MES,CME_CLOSE,1.5,4,115,PRELIMINARY,180,31.0,75.0,125.0,135.0,183.0,105.0
MES,CME_CLOSE,1.5,5,83,REGIME,180,33.0,120.0,132.0,161.0,182.0,60.0
MES,CME_CLOSE,2.0,1,354,CORE,180,11.0,46.0,127.0,133.0,186.0,134.0
MES,CME_CLOSE,2.0,2,96,REGIME,180,23.0,58.0,141.0,165.0,179.0,122.0
MES,CME_CLOSE,2.0,3,77,REGIME,180,21.0,60.0,127.0,138.0,177.0,120.0
MES,CME_CLOSE,2.0,4,58,REGIME,180,19.0,121.0,131.0,146.0,176.0,59.0
MES,CME_CLOSE,2.0,5,51,REGIME,180,52.0,124.0,132.0,162.0,181.0,56.0
MES,CME_CLOSE,2.5,1,216,CORE,180,20.0,61.0,135.0,168.0,185.0,119.0
MES,CME_CLOSE,2.5,2,52,REGIME,180,39.0,66.0,127.0,160.0,184.0,114.0
MES,CME_CLOSE,2.5,3,45,REGIME,180,44.0,126.0,138.0,153.0,174.0,54.0
MES,CME_CLOSE,2.5,4,35,REGIME,180,37.0,121.0,137.0,162.0,173.0,59.0
MES,CME_CLOSE,2.5,5,22,INVALID,180,32.0,117.0,133.0,134.0,135.0,63.0
MES,CME_CLOSE,3.0,1,151,PRELIMINARY,180,38.0,128.0,139.0,155.0,186.0,52.0
MES,CME_CLOSE,3.0,2,29,INVALID,180,35.0,117.0,128.0,138.0,138.0,63.0
MES,CME_CLOSE,3.0,3,29,INVALID,180,53.0,126.0,149.0,152.0,163.0,54.0
MES,CME_CLOSE,3.0,4,19,INVALID,180,34.0,118.0,163.0,173.0,173.0,62.0
MES,CME_CLOSE,3.0,5,16,INVALID,180,36.0,100.0,133.0,136.0,136.0,80.0
MES,CME_CLOSE,4.0,1,57,REGIME,180,43.0,128.0,137.0,144.0,164.0,52.0
MES,CME_CLOSE,4.0,2,17,INVALID,180,48.0,123.0,127.0,139.0,139.0,57.0
MES,CME_CLOSE,4.0,3,12,INVALID,180,49.0,126.0,137.0,137.0,137.0,54.0
MES,CME_CLOSE,4.0,4,12,INVALID,180,69.0,126.0,137.0,167.0,167.0,54.0
MES,CME_CLOSE,4.0,5,8,INVALID,180,35.0,104.0,125.0,125.0,125.0,76.0
MES,CME_OPEN,1.0,1,897,CORE,480,25.0,71.0,139.0,386.0,963.0,409.0
MES,CME_OPEN,1.0,2,407,CORE,480,33.0,103.0,192.0,455.0,935.0,377.0
MES,CME_OPEN,1.0,3,390,CORE,480,35.0,107.0,251.0,506.0,1076.0,373.0
MES,CME_OPEN,1.0,4,360,CORE,480,47.0,149.0,388.0,553.0,1074.0,331.0
MES,CME_OPEN,1.0,5,344,CORE,480,57.0,171.0,430.0,556.0,1295.0,309.0
MES,CME_OPEN,1.5,1,578,CORE,480,49.0,184.0,505.0,623.0,1092.0,296.0
MES,CME_OPEN,1.5,2,282,CORE,480,71.0,271.0,539.0,704.0,1096.0,209.0
MES,CME_OPEN,1.5,3,256,CORE,480,92.0,306.0,541.0,764.0,1139.0,174.0
MES,CME_OPEN,1.5,4,236,CORE,480,107.0,397.0,571.0,764.0,1136.0,83.0
MES,CME_OPEN,1.5,5,245,CORE,480,113.0,417.0,576.0,759.0,1106.0,63.0
MES,CME_OPEN,2.0,1,429,CORE,480,100.0,376.0,561.0,720.0,1195.0,104.0
MES,CME_OPEN,2.0,2,215,CORE,480,131.0,446.0,585.0,861.0,1192.0,34.0
MES,CME_OPEN,2.0,3,208,CORE,480,145.0,464.0,659.0,860.0,1191.0,16.0
MES,CME_OPEN,2.0,4,200,CORE,480,149.0,491.0,639.0,869.0,1205.0,-11.0
MES,CME_OPEN,2.0,5,196,PRELIMINARY,480,151.0,483.0,661.0,916.0,1233.0,-3.0
MES,CME_OPEN,2.5,1,336,CORE,480,139.0,496.0,642.0,874.0,1248.0,-16.0
MES,CME_OPEN,2.5,2,171,PRELIMINARY,480,200.0,578.0,774.0,907.0,1276.0,-98.0
MES,CME_OPEN,2.5,3,170,PRELIMINARY,480,191.0,558.0,782.0,925.0,1271.0,-78.0
MES,CME_OPEN,2.5,4,159,PRELIMINARY,480,205.0,586.0,871.0,951.0,1297.0,-106.0
MES,CME_OPEN,2.5,5,157,PRELIMINARY,480,244.0,607.0,870.0,950.0,1262.0,-127.0
MES,CME_OPEN,3.0,1,283,CORE,480,191.0,581.0,834.0,920.0,1299.0,-101.0
MES,CME_OPEN,3.0,2,142,PRELIMINARY,480,286.0,647.0,878.0,938.0,1293.0,-167.0
MES,CME_OPEN,3.0,3,148,PRELIMINARY,480,286.0,622.0,906.0,955.0,1287.0,-142.0
MES,CME_OPEN,3.0,4,140,PRELIMINARY,480,300.0,719.0,926.0,970.0,1296.0,-239.0
MES,CME_OPEN,3.0,5,140,PRELIMINARY,480,342.0,747.0,904.0,943.0,1297.0,-267.0
MES,CME_OPEN,4.0,1,214,CORE,480,363.0,745.0,943.0,995.0,1304.0,-265.0
MES,CME_OPEN,4.0,2,109,PRELIMINARY,480,460.0,835.0,928.0,983.0,1302.0,-355.0
MES,CME_OPEN,4.0,3,108,PRELIMINARY,480,508.0,862.0,944.0,1000.0,1299.0,-382.0
MES,CME_OPEN,4.0,4,109,PRELIMINARY,480,566.0,883.0,975.0,1126.0,1305.0,-403.0
MES,CME_OPEN,4.0,5,101,PRELIMINARY,480,568.0,885.0,968.0,1104.0,1310.0,-405.0
MES,US_DATA_OPEN,1.0,1,1716,CORE,240,17.0,45.0,60.0,91.0,466.0,195.0
MES,US_DATA_OPEN,1.0,2,872,CORE,240,23.0,50.0,67.0,111.0,443.0,190.0
MES,US_DATA_OPEN,1.0,3,832,CORE,240,26.0,51.0,71.0,123.0,451.0,189.0
MES,US_DATA_OPEN,1.0,4,830,CORE,240,27.0,52.0,81.0,142.0,450.0,188.0
MES,US_DATA_OPEN,1.0,5,816,CORE,240,29.0,53.0,82.0,138.0,471.0,187.0
MES,US_DATA_OPEN,1.5,1,1349,CORE,240,28.0,54.0,81.0,149.0,481.0,186.0
MES,US_DATA_OPEN,1.5,2,663,CORE,240,34.0,59.0,91.0,191.0,439.0,181.0
MES,US_DATA_OPEN,1.5,3,639,CORE,240,39.0,63.0,112.0,241.0,541.0,177.0
MES,US_DATA_OPEN,1.5,4,624,CORE,240,41.0,64.0,107.0,239.0,445.0,176.0
MES,US_DATA_OPEN,1.5,5,618,CORE,240,43.0,69.0,141.0,263.0,452.0,171.0
MES,US_DATA_OPEN,2.0,1,1107,CORE,240,37.0,61.0,102.0,205.0,431.0,179.0
MES,US_DATA_OPEN,2.0,2,552,CORE,240,47.0,71.0,124.0,234.0,600.0,169.0
MES,US_DATA_OPEN,2.0,3,532,CORE,240,49.0,79.0,136.0,264.0,428.0,161.0
MES,US_DATA_OPEN,2.0,4,505,CORE,240,49.0,76.0,138.0,282.0,432.0,164.0
MES,US_DATA_OPEN,2.0,5,496,CORE,240,49.0,87.0,173.0,289.0,498.0,153.0
MES,US_DATA_OPEN,2.5,1,938,CORE,240,47.0,73.0,124.0,263.0,505.0,167.0
MES,US_DATA_OPEN,2.5,2,456,CORE,240,52.0,86.0,157.0,269.0,485.0,154.0
MES,US_DATA_OPEN,2.5,3,439,CORE,240,53.0,96.0,181.0,315.0,516.0,144.0
MES,US_DATA_OPEN,2.5,4,422,CORE,240,54.0,99.0,180.0,293.0,529.0,141.0
MES,US_DATA_OPEN,2.5,5,403,CORE,240,55.0,110.0,199.0,321.0,527.0,130.0
MES,US_DATA_OPEN,3.0,1,809,CORE,240,52.0,82.0,168.0,284.0,505.0,158.0
MES,US_DATA_OPEN,3.0,2,389,CORE,240,57.0,101.0,184.0,332.0,451.0,139.0
MES,US_DATA_OPEN,3.0,3,369,CORE,240,60.0,109.0,192.0,321.0,515.0,131.0
MES,US_DATA_OPEN,3.0,4,352,CORE,240,58.0,115.0,209.0,301.0,497.0,125.0
MES,US_DATA_OPEN,3.0,5,346,CORE,240,60.0,127.0,227.0,356.0,484.0,113.0
MES,US_DATA_OPEN,4.0,1,583,CORE,240,58.0,106.0,203.0,335.0,500.0,134.0
MES,US_DATA_OPEN,4.0,2,278,CORE,240,65.0,135.0,267.0,381.0,560.0,105.0
MES,US_DATA_OPEN,4.0,3,266,CORE,240,70.0,153.0,243.0,364.0,559.0,87.0
MES,US_DATA_OPEN,4.0,4,265,CORE,240,72.0,187.0,310.0,367.0,558.0,53.0
MES,US_DATA_OPEN,4.0,5,249,CORE,240,77.0,196.0,299.0,386.0,557.0,44.0
MES,US_EQUITY_OPEN,1.0,1,1722,CORE,300,18.0,46.0,86.0,135.0,396.0,254.0
MES,US_EQUITY_OPEN,1.0,2,866,CORE,300,26.0,68.0,123.0,213.0,503.0,232.0
MES,US_EQUITY_OPEN,1.0,3,846,CORE,300,32.0,85.0,157.0,230.0,502.0,215.0
MES,US_EQUITY_OPEN,1.0,4,835,CORE,300,36.0,102.0,179.0,255.0,501.0,198.0
MES,US_EQUITY_OPEN,1.0,5,799,CORE,300,39.0,107.0,187.0,252.0,500.0,193.0
MES,US_EQUITY_OPEN,1.5,1,1385,CORE,300,34.0,90.0,170.0,263.0,504.0,210.0
MES,US_EQUITY_OPEN,1.5,2,677,CORE,300,51.0,140.0,227.0,315.0,424.0,160.0
MES,US_EQUITY_OPEN,1.5,3,656,CORE,300,64.0,184.0,261.0,318.0,492.0,116.0
MES,US_EQUITY_OPEN,1.5,4,623,CORE,300,70.0,194.0,274.0,329.0,541.0,106.0
MES,US_EQUITY_OPEN,1.5,5,609,CORE,300,81.0,219.0,282.0,336.0,506.0,81.0
MES,US_EQUITY_OPEN,2.0,1,1140,CORE,300,54.0,157.0,262.0,331.0,526.0,143.0
MES,US_EQUITY_OPEN,2.0,2,542,CORE,300,82.0,217.0,294.0,351.0,531.0,83.0
MES,US_EQUITY_OPEN,2.0,3,495,CORE,300,94.0,259.0,336.0,361.0,516.0,41.0
MES,US_EQUITY_OPEN,2.0,4,473,CORE,300,96.0,261.0,331.0,362.0,507.0,39.0
MES,US_EQUITY_OPEN,2.0,5,437,CORE,300,113.0,277.0,342.0,368.0,506.0,23.0
MES,US_EQUITY_OPEN,2.5,1,913,CORE,300,78.0,211.0,308.0,351.0,537.0,89.0
MES,US_EQUITY_OPEN,2.5,2,403,CORE,300,114.0,282.0,344.0,374.0,530.0,18.0
MES,US_EQUITY_OPEN,2.5,3,354,CORE,300,118.0,292.0,352.0,376.0,508.0,8.0
MES,US_EQUITY_OPEN,2.5,4,337,CORE,300,118.0,272.0,341.0,373.0,473.0,28.0
MES,US_EQUITY_OPEN,2.5,5,316,CORE,300,138.0,285.0,350.0,374.0,479.0,15.0
MES,US_EQUITY_OPEN,3.0,1,720,CORE,300,103.0,264.0,344.0,374.0,538.0,36.0
MES,US_EQUITY_OPEN,3.0,2,305,CORE,300,139.0,295.0,350.0,373.0,531.0,5.0
MES,US_EQUITY_OPEN,3.0,3,265,CORE,300,141.0,313.0,355.0,383.0,508.0,-13.0
MES,US_EQUITY_OPEN,3.0,4,249,CORE,300,140.0,304.0,354.0,376.0,517.0,-4.0
MES,US_EQUITY_OPEN,3.0,5,228,CORE,300,167.0,314.0,364.0,381.0,532.0,-14.0
MES,US_EQUITY_OPEN,4.0,1,453,CORE,300,136.0,287.0,351.0,378.0,504.0,13.0
MES,US_EQUITY_OPEN,4.0,2,180,PRELIMINARY,300,155.0,327.0,376.0,391.0,521.0,-27.0
MES,US_EQUITY_OPEN,4.0,3,146,PRELIMINARY,300,168.0,318.0,368.0,379.0,552.0,-18.0
MES,US_EQUITY_OPEN,4.0,4,147,PRELIMINARY,300,182.0,301.0,366.0,398.0,538.0,-1.0
MES,US_EQUITY_OPEN,4.0,5,117,PRELIMINARY,300,185.0,327.0,370.0,405.0,530.0,-27.0
MES,US_POST_EQUITY,1.0,1,1189,CORE,180,17.0,43.0,74.0,131.0,350.0,137.0
MES,US_POST_EQUITY,1.0,2,612,CORE,180,24.0,67.0,124.0,201.0,466.0,113.0
MES,US_POST_EQUITY,1.0,3,594,CORE,180,29.0,77.0,132.0,201.0,465.0,103.0
MES,US_POST_EQUITY,1.0,4,601,CORE,180,33.0,88.0,161.0,227.0,464.0,92.0
MES,US_POST_EQUITY,1.0,5,591,CORE,180,35.0,95.0,184.0,240.0,463.0,85.0
MES,US_POST_EQUITY,1.5,1,947,CORE,180,30.0,80.0,143.0,216.0,475.0,100.0
MES,US_POST_EQUITY,1.5,2,463,CORE,180,46.0,129.0,209.0,257.0,466.0,51.0
MES,US_POST_EQUITY,1.5,3,454,CORE,180,49.0,140.0,226.0,279.0,495.0,40.0
MES,US_POST_EQUITY,1.5,4,454,CORE,180,57.0,173.0,256.0,307.0,494.0,7.0
MES,US_POST_EQUITY,1.5,5,442,CORE,180,63.0,177.0,254.0,290.0,463.0,3.0
MES,US_POST_EQUITY,2.0,1,767,CORE,180,45.0,120.0,195.0,259.0,467.0,60.0
MES,US_POST_EQUITY,2.0,2,377,CORE,180,69.0,201.0,261.0,316.0,496.0,-21.0
MES,US_POST_EQUITY,2.0,3,351,CORE,180,80.0,212.0,272.0,315.0,470.0,-32.0
MES,US_POST_EQUITY,2.0,4,356,CORE,180,84.0,203.0,273.0,315.0,507.0,-23.0
MES,US_POST_EQUITY,2.0,5,331,CORE,180,93.0,221.0,290.0,326.0,506.0,-41.0
MES,US_POST_EQUITY,2.5,1,651,CORE,180,63.0,175.0,256.0,304.0,473.0,5.0
MES,US_POST_EQUITY,2.5,2,292,CORE,180,89.0,233.0,294.0,332.0,473.0,-53.0
MES,US_POST_EQUITY,2.5,3,272,CORE,180,107.0,245.0,302.0,336.0,398.0,-65.0
MES,US_POST_EQUITY,2.5,4,270,CORE,180,123.0,243.0,311.0,336.0,507.0,-63.0
MES,US_POST_EQUITY,2.5,5,251,CORE,180,129.0,264.0,308.0,340.0,506.0,-84.0
MES,US_POST_EQUITY,3.0,1,534,CORE,180,83.0,224.0,293.0,323.0,497.0,-44.0
MES,US_POST_EQUITY,3.0,2,221,CORE,180,121.0,271.0,318.0,344.0,504.0,-91.0
MES,US_POST_EQUITY,3.0,3,211,CORE,180,131.0,272.0,319.0,341.0,491.0,-92.0
MES,US_POST_EQUITY,3.0,4,209,CORE,180,152.0,291.0,336.0,349.0,509.0,-111.0
MES,US_POST_EQUITY,3.0,5,193,PRELIMINARY,180,166.0,290.0,331.0,349.0,508.0,-110.0
MES,US_POST_EQUITY,4.0,1,366,CORE,180,121.0,278.0,325.0,347.0,501.0,-98.0
MES,US_POST_EQUITY,4.0,2,150,PRELIMINARY,180,187.0,305.0,340.0,369.0,498.0,-125.0
MES,US_POST_EQUITY,4.0,3,132,PRELIMINARY,180,202.0,317.0,349.0,458.0,516.0,-137.0
MES,US_POST_EQUITY,4.0,4,118,PRELIMINARY,180,202.0,308.0,345.0,368.0,502.0,-128.0
MES,US_POST_EQUITY,4.0,5,110,PRELIMINARY,180,241.0,317.0,341.0,366.0,494.0,-137.0
MGC,0030,1.0,1,974,CORE,300,12.0,34.0,55.0,99.0,467.0,266.0
MGC,0030,1.0,2,484,CORE,300,17.0,47.0,83.0,131.0,403.0,253.0
MGC,0030,1.0,3,475,CORE,300,19.0,57.0,97.0,155.0,360.0,243.0
MGC,0030,1.0,4,477,CORE,300,22.0,67.0,121.0,169.0,366.0,233.0
MGC,0030,1.0,5,447,CORE,300,24.0,71.0,129.0,171.0,365.0,229.0
MGC,0030,1.5,1,797,CORE,300,22.0,62.0,99.0,152.0,467.0,238.0
MGC,0030,1.5,2,384,CORE,300,26.0,89.0,144.0,183.0,466.0,211.0
MGC,0030,1.5,3,373,CORE,300,34.0,103.0,156.0,203.0,465.0,197.0
MGC,0030,1.5,4,350,CORE,300,37.0,115.0,163.0,208.0,464.0,185.0
MGC,0030,1.5,5,327,CORE,300,41.0,117.0,169.0,245.0,463.0,183.0
MGC,0030,2.0,1,653,CORE,300,31.0,82.0,141.0,201.0,471.0,218.0
MGC,0030,2.0,2,312,CORE,300,40.0,122.0,190.0,284.0,466.0,178.0
MGC,0030,2.0,3,290,CORE,300,47.0,138.0,195.0,279.0,465.0,162.0
MGC,0030,2.0,4,267,CORE,300,61.0,149.0,203.0,266.0,465.0,151.0
MGC,0030,2.0,5,254,CORE,300,60.0,150.0,213.0,279.0,463.0,150.0
MGC,0030,2.5,1,539,CORE,300,40.0,119.0,185.0,244.0,477.0,181.0
MGC,0030,2.5,2,245,CORE,300,58.0,153.0,205.0,275.0,468.0,147.0
MGC,0030,2.5,3,222,CORE,300,72.0,166.0,237.0,292.0,471.0,134.0
MGC,0030,2.5,4,219,CORE,300,78.0,182.0,261.0,311.0,469.0,118.0
MGC,0030,2.5,5,203,CORE,300,77.0,185.0,260.0,293.0,463.0,115.0
MGC,0030,3.0,1,457,CORE,300,48.0,142.0,201.0,250.0,476.0,158.0
MGC,0030,3.0,2,194,PRELIMINARY,300,83.0,179.0,237.0,308.0,471.0,121.0
MGC,0030,3.0,3,176,PRELIMINARY,300,96.0,178.0,252.0,272.0,437.0,122.0
MGC,0030,3.0,4,169,PRELIMINARY,300,90.0,184.0,237.0,267.0,436.0,116.0
MGC,0030,3.0,5,152,PRELIMINARY,300,104.0,200.0,255.0,299.0,467.0,100.0
MGC,0030,4.0,1,321,CORE,300,74.0,175.0,237.0,285.0,441.0,125.0
MGC,0030,4.0,2,124,PRELIMINARY,300,91.0,188.0,264.0,277.0,438.0,112.0
MGC,0030,4.0,3,106,PRELIMINARY,300,116.0,207.0,265.0,289.0,437.0,93.0
MGC,0030,4.0,4,102,PRELIMINARY,300,120.0,218.0,267.0,303.0,441.0,82.0
MGC,0030,4.0,5,91,REGIME,300,125.0,229.0,281.0,304.0,435.0,71.0
MGC,0900,1.0,1,1994,CORE,480,13.0,38.0,60.0,102.0,828.0,442.0
MGC,0900,1.0,2,999,CORE,480,17.0,48.0,79.0,116.0,827.0,432.0
MGC,0900,1.0,3,968,CORE,480,20.0,52.0,88.0,117.0,827.0,428.0
MGC,0900,1.0,4,984,CORE,480,19.0,52.0,88.0,118.0,1054.0,428.0
MGC,0900,1.0,5,972,CORE,480,21.0,54.0,96.0,136.0,825.0,426.0
MGC,0900,1.5,1,1583,CORE,480,24.0,60.0,106.0,144.0,1060.0,420.0
MGC,0900,1.5,2,783,CORE,480,31.0,76.0,119.0,191.0,831.0,404.0
MGC,0900,1.5,3,753,CORE,480,34.0,82.0,132.0,205.0,883.0,398.0
MGC,0900,1.5,4,764,CORE,480,36.0,91.0,145.0,274.0,905.0,389.0
MGC,0900,1.5,5,760,CORE,480,35.0,90.0,141.0,271.0,907.0,390.0
MGC,0900,2.0,1,1321,CORE,480,36.0,91.0,136.0,250.0,858.0,389.0
MGC,0900,2.0,2,672,CORE,480,43.0,107.0,182.0,385.0,907.0,373.0
MGC,0900,2.0,3,634,CORE,480,50.0,116.0,191.0,415.0,908.0,364.0
MGC,0900,2.0,4,636,CORE,480,52.0,118.0,243.0,415.0,1003.0,362.0
MGC,0900,2.0,5,639,CORE,480,51.0,128.0,254.0,415.0,1269.0,352.0
MGC,0900,2.5,1,1143,CORE,480,48.0,113.0,202.0,421.0,971.0,367.0
MGC,0900,2.5,2,563,CORE,480,61.0,134.0,286.0,479.0,1112.0,346.0
MGC,0900,2.5,3,544,CORE,480,64.0,154.0,321.0,490.0,1255.0,326.0
MGC,0900,2.5,4,543,CORE,480,70.0,171.0,348.0,567.0,1254.0,309.0
MGC,0900,2.5,5,539,CORE,480,69.0,162.0,360.0,543.0,1251.0,318.0
MGC,0900,3.0,1,994,CORE,480,58.0,136.0,277.0,537.0,1304.0,344.0
MGC,0900,3.0,2,490,CORE,480,75.0,163.0,409.0,566.0,1255.0,317.0
MGC,0900,3.0,3,474,CORE,480,81.0,209.0,383.0,579.0,1254.0,271.0
MGC,0900,3.0,4,452,CORE,480,82.0,227.0,440.0,588.0,1253.0,253.0
MGC,0900,3.0,5,462,CORE,480,88.0,267.0,479.0,654.0,1256.0,213.0
MGC,0900,4.0,1,800,CORE,480,83.0,215.0,454.0,620.0,1263.0,265.0
MGC,0900,4.0,2,383,CORE,480,105.0,300.0,533.0,787.0,1275.0,180.0
MGC,0900,4.0,3,365,CORE,480,111.0,338.0,536.0,745.0,1261.0,142.0
MGC,0900,4.0,4,355,CORE,480,116.0,394.0,593.0,817.0,1261.0,86.0
MGC,0900,4.0,5,363,CORE,480,123.0,402.0,653.0,828.0,1296.0,78.0
MGC,1000,1.0,1,2368,CORE,480,13.0,32.0,48.0,57.0,660.0,448.0
MGC,1000,1.0,2,1170,CORE,480,19.0,44.0,54.0,74.0,759.0,436.0
MGC,1000,1.0,3,1139,CORE,480,21.0,45.0,58.0,83.0,633.0,435.0
MGC,1000,1.0,4,1140,CORE,480,22.0,48.0,65.0,103.0,632.0,432.0
MGC,1000,1.0,5,1094,CORE,480,24.0,49.0,70.0,140.0,602.0,431.0
MGC,1000,1.5,1,1883,CORE,480,25.0,53.0,66.0,98.0,792.0,427.0
MGC,1000,1.5,2,937,CORE,480,36.0,62.0,94.0,173.0,814.0,418.0
MGC,1000,1.5,3,912,CORE,480,37.0,66.0,115.0,225.0,811.0,414.0
MGC,1000,1.5,4,907,CORE,480,40.0,76.0,132.0,261.0,810.0,404.0
MGC,1000,1.5,5,872,CORE,480,41.0,88.0,164.0,298.0,809.0,392.0
MGC,1000,2.0,1,1580,CORE,480,37.0,67.0,104.0,196.0,815.0,413.0
MGC,1000,2.0,2,790,CORE,480,49.0,94.0,178.0,307.0,847.0,386.0
MGC,1000,2.0,3,773,CORE,480,51.0,117.0,243.0,353.0,813.0,363.0
MGC,1000,2.0,4,765,CORE,480,53.0,128.0,258.0,357.0,836.0,352.0
MGC,1000,2.0,5,748,CORE,480,53.0,157.0,290.0,366.0,844.0,323.0
MGC,1000,2.5,1,1372,CORE,480,49.0,90.0,174.0,330.0,882.0,390.0
MGC,1000,2.5,2,678,CORE,480,58.0,159.0,313.0,405.0,997.0,321.0
MGC,1000,2.5,3,658,CORE,480,61.0,174.0,336.0,427.0,865.0,306.0
MGC,1000,2.5,4,646,CORE,480,70.0,217.0,351.0,430.0,845.0,263.0
MGC,1000,2.5,5,643,CORE,480,73.0,278.0,382.0,463.0,1075.0,202.0
MGC,1000,3.0,1,1212,CORE,480,56.0,145.0,306.0,389.0,921.0,335.0
MGC,1000,3.0,2,597,CORE,480,73.0,251.0,382.0,480.0,906.0,229.0
MGC,1000,3.0,3,585,CORE,480,81.0,289.0,396.0,480.0,1196.0,191.0
MGC,1000,3.0,4,563,CORE,480,101.0,317.0,425.0,536.0,1048.0,163.0
MGC,1000,3.0,5,558,CORE,480,101.0,338.0,472.0,697.0,1194.0,142.0
MGC,1000,4.0,1,944,CORE,480,78.0,281.0,396.0,483.0,1051.0,199.0
MGC,1000,4.0,2,474,CORE,480,126.0,367.0,486.0,726.0,1079.0,113.0
MGC,1000,4.0,3,465,CORE,480,141.0,401.0,597.0,769.0,1180.0,79.0
MGC,1000,4.0,4,456,CORE,480,177.0,415.0,546.0,744.0,1292.0,65.0
MGC,1000,4.0,5,442,CORE,480,200.0,436.0,654.0,778.0,1076.0,44.0
MGC,1100,1.0,1,2509,CORE,420,21.0,72.0,185.0,288.0,831.0,348.0
MGC,1100,1.0,2,1302,CORE,420,30.0,117.0,258.0,322.0,830.0,303.0
MGC,1100,1.0,3,1277,CORE,420,37.0,163.0,278.0,362.0,904.0,257.0
MGC,1100,1.0,4,1271,CORE,420,42.0,171.0,284.0,359.0,1250.0,249.0
MGC,1100,1.0,5,1285,CORE,420,45.0,188.0,292.0,364.0,1266.0,232.0
MGC,1100,1.5,1,2013,CORE,420,40.0,188.0,297.0,374.0,887.0,232.0
MGC,1100,1.5,2,1052,CORE,420,58.0,269.0,350.0,427.0,922.0,151.0
MGC,1100,1.5,3,1043,CORE,420,82.0,288.0,375.0,476.0,1252.0,132.0
MGC,1100,1.5,4,1048,CORE,420,94.0,294.0,384.0,493.0,911.0,126.0
MGC,1100,1.5,5,1024,CORE,420,98.0,306.0,396.0,508.0,1008.0,114.0
MGC,1100,2.0,1,1713,CORE,420,72.0,292.0,380.0,494.0,1049.0,128.0
MGC,1100,2.0,2,876,CORE,420,109.0,326.0,439.0,628.0,1048.0,94.0
MGC,1100,2.0,3,859,CORE,420,155.0,358.0,500.0,649.0,1122.0,62.0
MGC,1100,2.0,4,863,CORE,420,171.0,364.0,531.0,674.0,1134.0,56.0
MGC,1100,2.0,5,862,CORE,420,190.0,374.0,556.0,688.0,1133.0,46.0
MGC,1100,2.5,1,1462,CORE,420,117.0,343.0,466.0,658.0,1122.0,77.0
MGC,1100,2.5,2,729,CORE,420,195.0,412.0,606.0,707.0,1166.0,8.0
MGC,1100,2.5,3,718,CORE,420,242.0,427.0,633.0,728.0,1249.0,-7.0
MGC,1100,2.5,4,727,CORE,420,255.0,460.0,665.0,742.0,1165.0,-40.0
MGC,1100,2.5,5,723,CORE,420,256.0,482.0,678.0,760.0,1247.0,-62.0
MGC,1100,3.0,1,1257,CORE,420,195.0,394.0,614.0,716.0,1185.0,26.0
MGC,1100,3.0,2,630,CORE,420,266.0,484.0,681.0,750.0,1176.0,-64.0
MGC,1100,3.0,3,622,CORE,420,279.0,526.0,690.0,762.0,1135.0,-106.0
MGC,1100,3.0,4,617,CORE,420,296.0,547.0,702.0,783.0,1141.0,-127.0
MGC,1100,3.0,5,617,CORE,420,313.0,578.0,699.0,785.0,1287.0,-158.0
MGC,1100,4.0,1,1000,CORE,420,301.0,535.0,703.0,801.0,1144.0,-115.0
MGC,1100,4.0,2,509,CORE,420,350.0,653.0,751.0,828.0,1290.0,-233.0
MGC,1100,4.0,3,487,CORE,420,367.0,668.0,770.0,856.0,1142.0,-248.0
MGC,1100,4.0,4,460,CORE,420,376.0,683.0,786.0,836.0,1287.0,-263.0
MGC,1100,4.0,5,450,CORE,420,370.0,666.0,759.0,837.0,1178.0,-246.0
MGC,1130,1.0,1,1112,CORE,360,13.0,44.0,85.0,176.0,597.0,316.0
MGC,1130,1.0,2,564,CORE,360,20.0,67.0,148.0,247.0,398.0,293.0
MGC,1130,1.0,3,558,CORE,360,24.0,81.0,174.0,244.0,619.0,279.0
MGC,1130,1.0,4,556,CORE,360,28.0,92.0,191.0,260.0,618.0,268.0
MGC,1130,1.0,5,556,CORE,360,31.0,106.0,208.0,276.0,617.0,254.0
MGC,1130,1.5,1,947,CORE,360,24.0,80.0,190.0,255.0,619.0,280.0
MGC,1130,1.5,2,457,CORE,360,44.0,160.0,253.0,304.0,620.0,200.0
MGC,1130,1.5,3,454,CORE,360,51.0,200.0,271.0,316.0,619.0,160.0
MGC,1130,1.5,4,450,CORE,360,56.0,215.0,270.0,318.0,628.0,145.0
MGC,1130,1.5,5,443,CORE,360,69.0,214.0,272.0,333.0,650.0,146.0
MGC,1130,2.0,1,800,CORE,360,41.0,160.0,252.0,321.0,642.0,200.0
MGC,1130,2.0,2,383,CORE,360,74.0,232.0,312.0,343.0,741.0,128.0
MGC,1130,2.0,3,385,CORE,360,87.0,258.0,324.0,383.0,688.0,102.0
MGC,1130,2.0,4,380,CORE,360,112.0,271.0,328.0,382.0,650.0,89.0
MGC,1130,2.0,5,377,CORE,360,126.0,273.0,336.0,410.0,676.0,87.0
MGC,1130,2.5,1,684,CORE,360,71.0,225.0,306.0,356.0,802.0,135.0
MGC,1130,2.5,2,335,CORE,360,121.0,280.0,351.0,432.0,1048.0,80.0
MGC,1130,2.5,3,330,CORE,360,151.0,317.0,366.0,498.0,796.0,43.0
MGC,1130,2.5,4,327,CORE,360,170.0,320.0,384.0,507.0,795.0,40.0
MGC,1130,2.5,5,321,CORE,360,190.0,327.0,411.0,563.0,867.0,33.0
MGC,1130,3.0,1,607,CORE,360,114.0,278.0,347.0,432.0,1049.0,82.0
MGC,1130,3.0,2,299,CORE,360,197.0,334.0,435.0,621.0,1049.0,26.0
MGC,1130,3.0,3,286,CORE,360,202.0,349.0,447.0,657.0,1223.0,11.0
MGC,1130,3.0,4,297,CORE,360,216.0,362.0,475.0,663.0,1024.0,-2.0
MGC,1130,3.0,5,276,CORE,360,228.0,369.0,553.0,692.0,1222.0,-9.0
MGC,1130,4.0,1,490,CORE,360,213.0,339.0,438.0,637.0,1054.0,21.0
MGC,1130,4.0,2,236,CORE,360,261.0,408.0,617.0,709.0,1239.0,-48.0
MGC,1130,4.0,3,232,CORE,360,266.0,427.0,575.0,724.0,1048.0,-67.0
MGC,1130,4.0,4,219,CORE,360,269.0,435.0,643.0,761.0,1223.0,-75.0
MGC,1130,4.0,5,217,CORE,360,288.0,532.0,685.0,747.0,1049.0,-172.0
MGC,1800,1.0,1,2451,CORE,420,13.0,36.0,66.0,114.0,366.0,384.0
MGC,1800,1.0,2,1244,CORE,420,21.0,58.0,110.0,157.0,425.0,362.0
MGC,1800,1.0,3,1243,CORE,420,23.0,70.0,124.0,176.0,375.0,350.0
MGC,1800,1.0,4,1240,CORE,420,26.0,74.0,120.0,172.0,423.0,346.0
MGC,1800,1.0,5,1219,CORE,420,28.0,85.0,137.0,197.0,423.0,335.0
MGC,1800,1.5,1,1983,CORE,420,25.0,71.0,129.0,183.0,566.0,349.0
MGC,1800,1.5,2,1002,CORE,420,40.0,112.0,179.0,250.0,602.0,308.0
MGC,1800,1.5,3,1013,CORE,420,45.0,125.0,192.0,258.0,713.0,295.0
MGC,1800,1.5,4,1007,CORE,420,48.0,131.0,190.0,256.0,712.0,289.0
MGC,1800,1.5,5,986,CORE,420,56.0,149.0,212.0,272.0,607.0,271.0
MGC,1800,2.0,1,1677,CORE,420,40.0,123.0,194.0,259.0,717.0,297.0
MGC,1800,2.0,2,837,CORE,420,64.0,172.0,240.0,296.0,714.0,248.0
MGC,1800,2.0,3,840,CORE,420,69.0,178.0,254.0,302.0,713.0,242.0
MGC,1800,2.0,4,831,CORE,420,79.0,195.0,258.0,308.0,712.0,225.0
MGC,1800,2.0,5,810,CORE,420,84.0,205.0,261.0,311.0,711.0,215.0
MGC,1800,2.5,1,1408,CORE,420,57.0,163.0,239.0,291.0,717.0,257.0
MGC,1800,2.5,2,706,CORE,420,97.0,217.0,276.0,319.0,714.0,203.0
MGC,1800,2.5,3,709,CORE,420,116.0,233.0,296.0,329.0,715.0,187.0
MGC,1800,2.5,4,700,CORE,420,117.0,241.0,300.0,336.0,862.0,179.0
MGC,1800,2.5,5,691,CORE,420,128.0,258.0,311.0,353.0,713.0,162.0
MGC,1800,3.0,1,1206,CORE,420,84.0,217.0,282.0,324.0,719.0,203.0
MGC,1800,3.0,2,612,CORE,420,133.0,262.0,313.0,356.0,864.0,158.0
MGC,1800,3.0,3,617,CORE,420,143.0,266.0,320.0,370.0,768.0,154.0
MGC,1800,3.0,4,608,CORE,420,150.0,278.0,329.0,376.0,865.0,142.0
MGC,1800,3.0,5,597,CORE,420,157.0,293.0,339.0,391.0,861.0,127.0
MGC,1800,4.0,1,945,CORE,420,133.0,273.0,329.0,390.0,719.0,147.0
MGC,1800,4.0,2,464,CORE,420,193.0,312.0,360.0,401.0,867.0,108.0
MGC,1800,4.0,3,463,CORE,420,206.0,320.0,368.0,417.0,864.0,100.0
MGC,1800,4.0,4,459,CORE,420,216.0,321.0,375.0,430.0,869.0,99.0
MGC,1800,4.0,5,435,CORE,420,215.0,324.0,376.0,443.0,867.0,96.0
MGC,2300,1.0,1,2353,CORE,360,13.0,28.0,42.0,63.0,492.0,332.0
MGC,2300,1.0,2,1182,CORE,360,17.0,36.0,60.0,88.0,538.0,324.0
MGC,2300,1.0,3,1188,CORE,360,18.0,41.0,72.0,109.0,492.0,319.0
MGC,2300,1.0,4,1153,CORE,360,19.0,48.0,78.0,123.0,495.0,312.0
MGC,2300,1.0,5,1096,CORE,360,21.0,51.0,85.0,132.0,554.0,309.0
MGC,2300,1.5,1,1866,CORE,360,21.0,44.0,69.0,108.0,541.0,316.0
MGC,2300,1.5,2,934,CORE,360,26.0,58.0,96.0,142.0,534.0,302.0
MGC,2300,1.5,3,913,CORE,360,31.0,71.0,107.0,155.0,533.0,289.0
MGC,2300,1.5,4,879,CORE,360,29.0,76.0,117.0,198.0,555.0,284.0
MGC,2300,1.5,5,850,CORE,360,34.0,83.0,128.0,207.0,555.0,277.0
MGC,2300,2.0,1,1570,CORE,360,28.0,63.0,102.0,147.0,545.0,297.0
MGC,2300,2.0,2,752,CORE,360,38.0,86.0,131.0,230.0,557.0,274.0
MGC,2300,2.0,3,710,CORE,360,43.0,96.0,137.0,226.0,556.0,264.0
MGC,2300,2.0,4,680,CORE,360,44.0,104.0,166.0,273.0,581.0,256.0
MGC,2300,2.0,5,658,CORE,360,50.0,109.0,217.0,312.0,537.0,251.0
MGC,2300,2.5,1,1288,CORE,360,38.0,90.0,129.0,204.0,523.0,270.0
MGC,2300,2.5,2,596,CORE,360,48.0,110.0,177.0,258.0,583.0,250.0
MGC,2300,2.5,3,560,CORE,360,56.0,120.0,225.0,286.0,582.0,240.0
MGC,2300,2.5,4,539,CORE,360,57.0,125.0,222.0,315.0,557.0,235.0
MGC,2300,2.5,5,490,CORE,360,60.0,131.0,222.0,284.0,529.0,229.0
MGC,2300,3.0,1,1066,CORE,360,49.0,109.0,156.0,243.0,576.0,251.0
MGC,2300,3.0,2,493,CORE,360,59.0,127.0,215.0,289.0,562.0,233.0
MGC,2300,3.0,3,455,CORE,360,68.0,159.0,244.0,318.0,558.0,201.0
MGC,2300,3.0,4,425,CORE,360,70.0,136.0,230.0,290.0,568.0,224.0
MGC,2300,3.0,5,385,CORE,360,79.0,166.0,252.0,304.0,567.0,194.0
MGC,2300,4.0,1,787,CORE,360,67.0,144.0,248.0,334.0,577.0,216.0
MGC,2300,4.0,2,344,CORE,360,85.0,174.0,278.0,331.0,555.0,186.0
MGC,2300,4.0,3,300,CORE,360,88.0,179.0,266.0,335.0,579.0,181.0
MGC,2300,4.0,4,272,CORE,360,92.0,188.0,266.0,313.0,582.0,172.0
MGC,2300,4.0,5,257,CORE,360,92.0,210.0,289.0,351.0,564.0,150.0
MGC,CME_OPEN,1.0,1,1330,CORE,480,22.0,52.0,93.0,134.0,828.0,428.0
MGC,CME_OPEN,1.0,2,597,CORE,480,28.0,67.0,111.0,144.0,827.0,413.0
MGC,CME_OPEN,1.0,3,542,CORE,480,30.0,79.0,112.0,156.0,827.0,401.0
MGC,CME_OPEN,1.0,4,501,CORE,480,33.0,88.0,131.0,192.0,1054.0,392.0
MGC,CME_OPEN,1.0,5,492,CORE,480,35.0,93.0,135.0,211.0,825.0,387.0
MGC,CME_OPEN,1.5,1,853,CORE,480,41.0,106.0,151.0,283.0,1060.0,374.0
MGC,CME_OPEN,1.5,2,380,CORE,480,51.0,121.0,194.0,428.0,831.0,359.0
MGC,CME_OPEN,1.5,3,357,CORE,480,57.0,139.0,213.0,482.0,883.0,341.0
MGC,CME_OPEN,1.5,4,340,CORE,480,70.0,147.0,265.0,493.0,905.0,333.0
MGC,CME_OPEN,1.5,5,335,CORE,480,70.0,152.0,375.0,519.0,883.0,328.0
MGC,CME_OPEN,2.0,1,626,CORE,480,64.0,149.0,312.0,504.0,858.0,331.0
MGC,CME_OPEN,2.0,2,303,CORE,480,82.0,208.0,417.0,552.0,907.0,272.0
MGC,CME_OPEN,2.0,3,278,CORE,480,99.0,232.0,511.0,655.0,945.0,248.0
MGC,CME_OPEN,2.0,4,270,CORE,480,102.0,256.0,481.0,639.0,1003.0,224.0
MGC,CME_OPEN,2.0,5,264,CORE,480,109.0,363.0,530.0,665.0,1245.0,117.0
MGC,CME_OPEN,2.5,1,499,CORE,480,95.0,228.0,530.0,632.0,1305.0,252.0
MGC,CME_OPEN,2.5,2,242,CORE,480,117.0,346.0,547.0,754.0,1304.0,134.0
MGC,CME_OPEN,2.5,3,230,CORE,480,119.0,377.0,578.0,801.0,1303.0,103.0
MGC,CME_OPEN,2.5,4,219,CORE,480,131.0,429.0,619.0,813.0,1302.0,51.0
MGC,CME_OPEN,2.5,5,210,CORE,480,134.0,445.0,587.0,878.0,1301.0,35.0
MGC,CME_OPEN,3.0,1,402,CORE,480,121.0,359.0,588.0,812.0,1305.0,121.0
MGC,CME_OPEN,3.0,2,205,CORE,480,136.0,463.0,621.0,855.0,1255.0,17.0
MGC,CME_OPEN,3.0,3,199,PRELIMINARY,480,158.0,502.0,689.0,880.0,1303.0,-22.0
MGC,CME_OPEN,3.0,4,177,PRELIMINARY,480,167.0,531.0,671.0,829.0,1302.0,-51.0
MGC,CME_OPEN,3.0,5,181,PRELIMINARY,480,190.0,541.0,729.0,891.0,1256.0,-61.0
MGC,CME_OPEN,4.0,1,316,CORE,480,160.0,494.0,753.0,898.0,1263.0,-14.0
MGC,CME_OPEN,4.0,2,151,PRELIMINARY,480,188.0,588.0,861.0,988.0,1262.0,-108.0
MGC,CME_OPEN,4.0,3,146,PRELIMINARY,480,224.0,570.0,818.0,946.0,1261.0,-90.0
MGC,CME_OPEN,4.0,4,138,PRELIMINARY,480,247.0,603.0,847.0,986.0,1261.0,-123.0
MGC,CME_OPEN,4.0,5,131,PRELIMINARY,480,297.0,777.0,873.0,945.0,1296.0,-297.0
MGC,LONDON_OPEN,1.0,1,2440,CORE,420,14.0,38.0,71.0,120.0,367.0,382.0
MGC,LONDON_OPEN,1.0,2,1237,CORE,420,22.0,62.0,112.0,168.0,364.0,358.0
MGC,LONDON_OPEN,1.0,3,1240,CORE,420,24.0,73.0,126.0,184.0,365.0,347.0
MGC,LONDON_OPEN,1.0,4,1244,CORE,420,26.0,80.0,129.0,209.0,393.0,340.0
MGC,LONDON_OPEN,1.0,5,1247,CORE,420,28.0,88.0,157.0,241.0,404.0,332.0
MGC,LONDON_OPEN,1.5,1,1976,CORE,420,26.0,75.0,138.0,205.0,396.0,345.0
MGC,LONDON_OPEN,1.5,2,1021,CORE,420,38.0,115.0,189.0,276.0,444.0,305.0
MGC,LONDON_OPEN,1.5,3,1003,CORE,420,45.0,132.0,217.0,298.0,713.0,288.0
MGC,LONDON_OPEN,1.5,4,1024,CORE,420,52.0,144.0,231.0,298.0,712.0,276.0
MGC,LONDON_OPEN,1.5,5,1006,CORE,420,56.0,167.0,262.0,309.0,591.0,253.0
MGC,LONDON_OPEN,2.0,1,1655,CORE,420,39.0,122.0,211.0,291.0,717.0,298.0
MGC,LONDON_OPEN,2.0,2,852,CORE,420,60.0,182.0,282.0,322.0,714.0,238.0
MGC,LONDON_OPEN,2.0,3,847,CORE,420,71.0,203.0,291.0,331.0,713.0,217.0
MGC,LONDON_OPEN,2.0,4,849,CORE,420,83.0,228.0,301.0,338.0,712.0,192.0
MGC,LONDON_OPEN,2.0,5,846,CORE,420,91.0,242.0,306.0,340.0,711.0,178.0
MGC,LONDON_OPEN,2.5,1,1421,CORE,420,56.0,183.0,282.0,322.0,717.0,237.0
MGC,LONDON_OPEN,2.5,2,730,CORE,420,95.0,255.0,312.0,348.0,714.0,165.0
MGC,LONDON_OPEN,2.5,3,711,CORE,420,116.0,272.0,321.0,370.0,715.0,148.0
MGC,LONDON_OPEN,2.5,4,718,CORE,420,117.0,285.0,323.0,381.0,776.0,135.0
MGC,LONDON_OPEN,2.5,5,715,CORE,420,136.0,298.0,342.0,393.0,775.0,122.0
MGC,LONDON_OPEN,3.0,1,1242,CORE,420,86.0,253.0,316.0,354.0,719.0,167.0
MGC,LONDON_OPEN,3.0,2,631,CORE,420,136.0,295.0,331.0,382.0,716.0,125.0
MGC,LONDON_OPEN,3.0,3,621,CORE,420,153.0,306.0,351.0,402.0,637.0,114.0
MGC,LONDON_OPEN,3.0,4,617,CORE,420,165.0,313.0,360.0,401.0,615.0,107.0
MGC,LONDON_OPEN,3.0,5,612,CORE,420,187.0,318.0,371.0,409.0,736.0,102.0
MGC,LONDON_OPEN,4.0,1,981,CORE,420,145.0,311.0,357.0,406.0,719.0,109.0
MGC,LONDON_OPEN,4.0,2,489,CORE,420,204.0,328.0,384.0,408.0,718.0,92.0
MGC,LONDON_OPEN,4.0,3,465,CORE,420,245.0,343.0,397.0,437.0,693.0,77.0
MGC,LONDON_OPEN,4.0,4,467,CORE,420,265.0,355.0,410.0,483.0,685.0,65.0
MGC,LONDON_OPEN,4.0,5,442,CORE,420,256.0,361.0,412.0,499.0,771.0,59.0
MGC,US_DATA_OPEN,1.0,1,991,CORE,240,18.0,48.0,78.0,118.0,615.0,192.0
MGC,US_DATA_OPEN,1.0,2,478,CORE,240,22.0,56.0,90.0,131.0,415.0,184.0
MGC,US_DATA_OPEN,1.0,3,476,CORE,240,23.0,60.0,96.0,164.0,485.0,180.0
MGC,US_DATA_OPEN,1.0,4,460,CORE,240,26.0,64.0,99.0,171.0,592.0,176.0
MGC,US_DATA_OPEN,1.0,5,447,CORE,240,29.0,72.0,119.0,180.0,553.0,168.0
MGC,US_DATA_OPEN,1.5,1,747,CORE,240,27.0,65.0,113.0,165.0,371.0,175.0
MGC,US_DATA_OPEN,1.5,2,358,CORE,240,40.0,83.0,128.0,210.0,371.0,157.0
MGC,US_DATA_OPEN,1.5,3,331,CORE,240,41.0,87.0,133.0,210.0,476.0,153.0
MGC,US_DATA_OPEN,1.5,4,327,CORE,240,41.0,86.0,148.0,268.0,554.0,154.0
MGC,US_DATA_OPEN,1.5,5,314,CORE,240,47.0,93.0,159.0,255.0,555.0,147.0
MGC,US_DATA_OPEN,2.0,1,588,CORE,240,39.0,81.0,128.0,215.0,411.0,159.0
MGC,US_DATA_OPEN,2.0,2,280,CORE,240,53.0,104.0,169.0,265.0,556.0,136.0
MGC,US_DATA_OPEN,2.0,3,257,CORE,240,53.0,111.0,202.0,282.0,555.0,129.0
MGC,US_DATA_OPEN,2.0,4,253,CORE,240,53.0,109.0,151.0,239.0,559.0,131.0
MGC,US_DATA_OPEN,2.0,5,239,CORE,240,55.0,95.0,191.0,293.0,476.0,145.0
MGC,US_DATA_OPEN,2.5,1,469,CORE,240,51.0,96.0,148.0,225.0,410.0,144.0
MGC,US_DATA_OPEN,2.5,2,232,CORE,240,61.0,137.0,256.0,314.0,556.0,103.0
MGC,US_DATA_OPEN,2.5,3,217,CORE,240,66.0,142.0,230.0,312.0,555.0,98.0
MGC,US_DATA_OPEN,2.5,4,206,CORE,240,66.0,136.0,213.0,281.0,431.0,104.0
MGC,US_DATA_OPEN,2.5,5,189,PRELIMINARY,240,66.0,147.0,223.0,295.0,462.0,93.0
MGC,US_DATA_OPEN,3.0,1,397,CORE,240,59.0,130.0,209.0,297.0,475.0,110.0
MGC,US_DATA_OPEN,3.0,2,187,PRELIMINARY,240,71.0,181.0,283.0,329.0,560.0,59.0
MGC,US_DATA_OPEN,3.0,3,182,PRELIMINARY,240,73.0,167.0,288.0,325.0,560.0,73.0
MGC,US_DATA_OPEN,3.0,4,160,PRELIMINARY,240,76.0,198.0,287.0,324.0,446.0,42.0
MGC,US_DATA_OPEN,3.0,5,150,PRELIMINARY,240,77.0,205.0,282.0,323.0,445.0,35.0
MGC,US_DATA_OPEN,4.0,1,293,CORE,240,71.0,156.0,283.0,352.0,474.0,84.0
MGC,US_DATA_OPEN,4.0,2,116,PRELIMINARY,240,75.0,200.0,281.0,332.0,447.0,40.0
MGC,US_DATA_OPEN,4.0,3,110,PRELIMINARY,240,92.0,206.0,297.0,337.0,472.0,34.0
MGC,US_DATA_OPEN,4.0,4,106,PRELIMINARY,240,96.0,243.0,336.0,411.0,519.0,-3.0
MGC,US_DATA_OPEN,4.0,5,104,PRELIMINARY,240,91.0,205.0,290.0,369.0,470.0,35.0
MGC,US_EQUITY_OPEN,1.0,1,1006,CORE,300,12.0,30.0,53.0,78.0,287.0,270.0
MGC,US_EQUITY_OPEN,1.0,2,507,CORE,300,18.0,49.0,86.0,131.0,491.0,251.0
MGC,US_EQUITY_OPEN,1.0,3,491,CORE,300,21.0,59.0,105.0,166.0,490.0,241.0
MGC,US_EQUITY_OPEN,1.0,4,495,CORE,300,21.0,63.0,112.0,177.0,490.0,237.0
MGC,US_EQUITY_OPEN,1.0,5,466,CORE,300,23.0,65.0,122.0,182.0,495.0,235.0
MGC,US_EQUITY_OPEN,1.5,1,829,CORE,300,21.0,49.0,90.0,179.0,462.0,251.0
MGC,US_EQUITY_OPEN,1.5,2,403,CORE,300,30.0,89.0,153.0,229.0,492.0,211.0
MGC,US_EQUITY_OPEN,1.5,3,383,CORE,300,37.0,108.0,171.0,228.0,493.0,192.0
MGC,US_EQUITY_OPEN,1.5,4,374,CORE,300,39.0,109.0,166.0,229.0,492.0,191.0
MGC,US_EQUITY_OPEN,1.5,5,365,CORE,300,43.0,120.0,208.0,265.0,495.0,180.0
MGC,US_EQUITY_OPEN,2.0,1,683,CORE,300,30.0,79.0,148.0,229.0,512.0,221.0
MGC,US_EQUITY_OPEN,2.0,2,322,CORE,300,43.0,143.0,221.0,321.0,494.0,157.0
MGC,US_EQUITY_OPEN,2.0,3,301,CORE,300,49.0,133.0,215.0,267.0,493.0,167.0
MGC,US_EQUITY_OPEN,2.0,4,290,CORE,300,59.0,141.0,225.0,304.0,496.0,159.0
MGC,US_EQUITY_OPEN,2.0,5,284,CORE,300,56.0,163.0,226.0,318.0,508.0,137.0
MGC,US_EQUITY_OPEN,2.5,1,566,CORE,300,37.0,110.0,204.0,262.0,519.0,190.0
MGC,US_EQUITY_OPEN,2.5,2,250,CORE,300,57.0,153.0,230.0,317.0,518.0,147.0
MGC,US_EQUITY_OPEN,2.5,3,241,CORE,300,68.0,178.0,252.0,322.0,529.0,122.0
MGC,US_EQUITY_OPEN,2.5,4,232,CORE,300,79.0,192.0,257.0,338.0,539.0,108.0
MGC,US_EQUITY_OPEN,2.5,5,218,CORE,300,84.0,213.0,281.0,358.0,502.0,87.0
MGC,US_EQUITY_OPEN,3.0,1,478,CORE,300,47.0,148.0,226.0,299.0,531.0,152.0
MGC,US_EQUITY_OPEN,3.0,2,196,PRELIMINARY,300,73.0,190.0,275.0,348.0,530.0,110.0
MGC,US_EQUITY_OPEN,3.0,3,186,PRELIMINARY,300,95.0,210.0,261.0,325.0,541.0,90.0
MGC,US_EQUITY_OPEN,3.0,4,187,PRELIMINARY,300,92.0,221.0,270.0,351.0,519.0,79.0
MGC,US_EQUITY_OPEN,3.0,5,161,PRELIMINARY,300,98.0,244.0,293.0,373.0,535.0,56.0
MGC,US_EQUITY_OPEN,4.0,1,327,CORE,300,77.0,195.0,257.0,300.0,539.0,105.0
MGC,US_EQUITY_OPEN,4.0,2,121,PRELIMINARY,300,95.0,233.0,285.0,324.0,498.0,67.0
MGC,US_EQUITY_OPEN,4.0,3,114,PRELIMINARY,300,128.0,262.0,347.0,408.0,537.0,38.0
MGC,US_EQUITY_OPEN,4.0,4,109,PRELIMINARY,300,125.0,257.0,327.0,411.0,503.0,43.0
MGC,US_EQUITY_OPEN,4.0,5,93,REGIME,300,130.0,229.0,281.0,310.0,500.0,71.0
MNQ,0030,1.0,1,497,CORE,300,13.0,38.0,64.0,99.0,458.0,262.0
MNQ,0030,1.0,2,238,CORE,300,21.0,66.0,105.0,156.0,369.0,234.0
MNQ,0030,1.0,3,238,CORE,300,25.0,82.0,124.0,185.0,347.0,218.0
MNQ,0030,1.0,4,238,CORE,300,32.0,92.0,154.0,223.0,349.0,208.0
MNQ,0030,1.0,5,230,CORE,300,33.0,99.0,146.0,209.0,343.0,201.0
MNQ,0030,1.5,1,397,CORE,300,23.0,66.0,112.0,179.0,379.0,234.0
MNQ,0030,1.5,2,189,PRELIMINARY,300,44.0,124.0,190.0,277.0,385.0,176.0
MNQ,0030,1.5,3,186,PRELIMINARY,300,50.0,132.0,190.0,231.0,371.0,168.0
MNQ,0030,1.5,4,176,PRELIMINARY,300,50.0,144.0,199.0,296.0,385.0,156.0
MNQ,0030,1.5,5,168,PRELIMINARY,300,55.0,147.0,200.0,259.0,437.0,153.0
MNQ,0030,2.0,1,327,CORE,300,39.0,122.0,170.0,208.0,388.0,178.0
MNQ,0030,2.0,2,150,PRELIMINARY,300,66.0,160.0,224.0,314.0,484.0,140.0
MNQ,0030,2.0,3,141,PRELIMINARY,300,66.0,206.0,270.0,324.0,459.0,94.0
MNQ,0030,2.0,4,126,PRELIMINARY,300,89.0,203.0,276.0,331.0,457.0,97.0
MNQ,0030,2.0,5,128,PRELIMINARY,300,101.0,222.0,298.0,334.0,447.0,78.0
MNQ,0030,2.5,1,270,CORE,300,58.0,155.0,234.0,299.0,468.0,145.0
MNQ,0030,2.5,2,121,PRELIMINARY,300,97.0,238.0,287.0,318.0,404.0,62.0
MNQ,0030,2.5,3,107,PRELIMINARY,300,101.0,239.0,309.0,329.0,386.0,61.0
MNQ,0030,2.5,4,99,REGIME,300,138.0,253.0,323.0,367.0,482.0,47.0
MNQ,0030,2.5,5,94,REGIME,300,113.0,238.0,295.0,332.0,378.0,62.0
MNQ,0030,3.0,1,219,CORE,300,75.0,193.0,284.0,317.0,383.0,107.0
MNQ,0030,3.0,2,93,REGIME,300,122.0,277.0,316.0,378.0,469.0,23.0
MNQ,0030,3.0,3,81,REGIME,300,140.0,262.0,315.0,349.0,449.0,38.0
MNQ,0030,3.0,4,79,REGIME,300,158.0,288.0,319.0,379.0,425.0,12.0
MNQ,0030,3.0,5,66,REGIME,300,138.0,272.0,304.0,333.0,449.0,28.0
MNQ,0030,4.0,1,148,PRELIMINARY,300,133.0,269.0,324.0,379.0,482.0,31.0
MNQ,0030,4.0,2,55,REGIME,300,140.0,242.0,317.0,377.0,461.0,58.0
MNQ,0030,4.0,3,49,REGIME,300,195.0,258.0,323.0,343.0,460.0,42.0
MNQ,0030,4.0,4,40,REGIME,300,179.0,272.0,329.0,336.0,466.0,28.0
MNQ,0030,4.0,5,38,REGIME,300,169.0,314.0,355.0,459.0,465.0,-14.0
MNQ,0900,1.0,1,348,CORE,480,16.0,42.0,82.0,135.0,822.0,438.0
MNQ,0900,1.0,2,172,PRELIMINARY,480,18.0,56.0,91.0,201.0,502.0,424.0
MNQ,0900,1.0,3,163,PRELIMINARY,480,18.0,62.0,97.0,163.0,834.0,418.0
MNQ,0900,1.0,4,166,PRELIMINARY,480,18.0,57.0,101.0,188.0,599.0,423.0
MNQ,0900,1.0,5,175,PRELIMINARY,480,22.0,68.0,109.0,222.0,597.0,412.0
MNQ,0900,1.5,1,286,CORE,480,27.0,74.0,130.0,316.0,729.0,406.0
MNQ,0900,1.5,2,139,PRELIMINARY,480,45.0,112.0,248.0,504.0,867.0,368.0
MNQ,0900,1.5,3,125,PRELIMINARY,480,41.0,108.0,247.0,492.0,865.0,372.0
MNQ,0900,1.5,4,139,PRELIMINARY,480,41.0,106.0,202.0,484.0,713.0,374.0
MNQ,0900,1.5,5,144,PRELIMINARY,480,44.0,117.0,229.0,354.0,731.0,363.0
MNQ,0900,2.0,1,238,CORE,480,49.0,117.0,224.0,495.0,935.0,363.0
MNQ,0900,2.0,2,115,PRELIMINARY,480,62.0,146.0,401.0,534.0,941.0,334.0
MNQ,0900,2.0,3,104,PRELIMINARY,480,57.0,159.0,356.0,515.0,936.0,321.0
MNQ,0900,2.0,4,118,PRELIMINARY,480,51.0,138.0,252.0,497.0,919.0,342.0
MNQ,0900,2.0,5,120,PRELIMINARY,480,68.0,175.0,362.0,545.0,981.0,305.0
MNQ,0900,2.5,1,208,CORE,480,64.0,150.0,229.0,438.0,974.0,330.0
MNQ,0900,2.5,2,105,PRELIMINARY,480,83.0,171.0,448.0,533.0,949.0,309.0
MNQ,0900,2.5,3,94,REGIME,480,83.0,215.0,448.0,547.0,975.0,265.0
MNQ,0900,2.5,4,104,PRELIMINARY,480,75.0,215.0,363.0,525.0,962.0,265.0
MNQ,0900,2.5,5,113,PRELIMINARY,480,95.0,338.0,510.0,630.0,1033.0,142.0
MNQ,0900,3.0,1,188,PRELIMINARY,480,80.0,189.0,450.0,540.0,884.0,291.0
MNQ,0900,3.0,2,94,REGIME,480,103.0,276.0,518.0,749.0,864.0,204.0
MNQ,0900,3.0,3,84,REGIME,480,113.0,278.0,486.0,533.0,856.0,202.0
MNQ,0900,3.0,4,95,REGIME,480,93.0,297.0,464.0,557.0,938.0,183.0
MNQ,0900,3.0,5,104,PRELIMINARY,480,123.0,394.0,512.0,611.0,925.0,86.0
MNQ,0900,4.0,1,159,PRELIMINARY,480,127.0,351.0,516.0,573.0,957.0,129.0
MNQ,0900,4.0,2,79,REGIME,480,161.0,438.0,549.0,886.0,940.0,42.0
MNQ,0900,4.0,3,72,REGIME,480,196.0,470.0,714.0,882.0,1159.0,10.0
MNQ,0900,4.0,4,78,REGIME,480,161.0,443.0,547.0,864.0,957.0,37.0
MNQ,0900,4.0,5,84,REGIME,480,208.0,531.0,727.0,879.0,1065.0,-51.0
MNQ,1000,1.0,1,426,CORE,480,15.0,38.0,63.0,106.0,414.0,442.0
MNQ,1000,1.0,2,229,CORE,480,18.0,48.0,81.0,112.0,419.0,432.0
MNQ,1000,1.0,3,220,CORE,480,18.0,54.0,91.0,150.0,418.0,426.0
MNQ,1000,1.0,4,219,CORE,480,21.0,55.0,104.0,166.0,411.0,425.0
MNQ,1000,1.0,5,219,CORE,480,24.0,56.0,96.0,165.0,456.0,424.0
MNQ,1000,1.5,1,355,CORE,480,24.0,64.0,115.0,224.0,809.0,416.0
MNQ,1000,1.5,2,185,PRELIMINARY,480,36.0,86.0,162.0,263.0,628.0,394.0
MNQ,1000,1.5,3,171,PRELIMINARY,480,37.0,129.0,236.0,315.0,800.0,351.0
MNQ,1000,1.5,4,175,PRELIMINARY,480,50.0,130.0,260.0,338.0,799.0,350.0
MNQ,1000,1.5,5,177,PRELIMINARY,480,50.0,128.0,265.0,357.0,797.0,352.0
MNQ,1000,2.0,1,294,CORE,480,39.0,117.0,302.0,365.0,808.0,363.0
MNQ,1000,2.0,2,156,PRELIMINARY,480,63.0,226.0,355.0,410.0,802.0,254.0
MNQ,1000,2.0,3,146,PRELIMINARY,480,60.0,273.0,353.0,416.0,702.0,207.0
MNQ,1000,2.0,4,148,PRELIMINARY,480,86.0,303.0,393.0,437.0,715.0,177.0
MNQ,1000,2.0,5,146,PRELIMINARY,480,84.0,276.0,396.0,430.0,854.0,204.0
MNQ,1000,2.5,1,247,CORE,480,62.0,210.0,344.0,430.0,803.0,270.0
MNQ,1000,2.5,2,134,PRELIMINARY,480,96.0,322.0,410.0,448.0,802.0,158.0
MNQ,1000,2.5,3,126,PRELIMINARY,480,105.0,366.0,424.0,540.0,853.0,114.0
MNQ,1000,2.5,4,128,PRELIMINARY,480,100.0,357.0,436.0,587.0,855.0,123.0
MNQ,1000,2.5,5,120,PRELIMINARY,480,109.0,338.0,425.0,469.0,859.0,142.0
MNQ,1000,3.0,1,219,CORE,480,88.0,335.0,429.0,537.0,849.0,145.0
MNQ,1000,3.0,2,123,PRELIMINARY,480,143.0,395.0,469.0,593.0,802.0,85.0
MNQ,1000,3.0,3,111,PRELIMINARY,480,149.0,412.0,519.0,705.0,861.0,68.0
MNQ,1000,3.0,4,114,PRELIMINARY,480,181.0,412.0,524.0,779.0,860.0,68.0
MNQ,1000,3.0,5,107,PRELIMINARY,480,175.0,402.0,495.0,740.0,860.0,78.0
MNQ,1000,4.0,1,185,PRELIMINARY,480,161.0,430.0,551.0,730.0,870.0,50.0
MNQ,1000,4.0,2,95,REGIME,480,221.0,504.0,728.0,806.0,887.0,-24.0
MNQ,1000,4.0,3,90,REGIME,480,307.0,546.0,784.0,846.0,916.0,-66.0
MNQ,1000,4.0,4,91,REGIME,480,340.0,542.0,783.0,831.0,884.0,-62.0
MNQ,1000,4.0,5,90,REGIME,480,309.0,500.0,759.0,844.0,908.0,-20.0
MNQ,1100,1.0,1,489,CORE,420,13.0,43.0,78.0,124.0,540.0,377.0
MNQ,1100,1.0,2,261,CORE,420,26.0,64.0,98.0,148.0,785.0,356.0
MNQ,1100,1.0,3,261,CORE,420,24.0,70.0,111.0,182.0,769.0,350.0
MNQ,1100,1.0,4,272,CORE,420,25.0,85.0,148.0,231.0,1018.0,335.0
MNQ,1100,1.0,5,271,CORE,420,27.0,93.0,158.0,267.0,1003.0,327.0
MNQ,1100,1.5,1,418,CORE,420,26.0,93.0,152.0,258.0,1196.0,327.0
MNQ,1100,1.5,2,208,CORE,420,46.0,138.0,219.0,310.0,792.0,282.0
MNQ,1100,1.5,3,220,CORE,420,46.0,151.0,224.0,304.0,791.0,269.0
MNQ,1100,1.5,4,217,CORE,420,55.0,154.0,264.0,386.0,789.0,266.0
MNQ,1100,1.5,5,216,CORE,420,56.0,158.0,296.0,417.0,789.0,262.0
MNQ,1100,2.0,1,353,CORE,420,44.0,135.0,243.0,341.0,794.0,285.0
MNQ,1100,2.0,2,176,PRELIMINARY,420,73.0,229.0,317.0,429.0,802.0,191.0
MNQ,1100,2.0,3,188,PRELIMINARY,420,82.0,231.0,352.0,447.0,797.0,189.0
MNQ,1100,2.0,4,185,PRELIMINARY,420,100.0,276.0,403.0,609.0,796.0,144.0
MNQ,1100,2.0,5,190,PRELIMINARY,420,104.0,265.0,359.0,459.0,795.0,155.0
MNQ,1100,2.5,1,313,CORE,420,62.0,215.0,338.0,442.0,803.0,205.0
MNQ,1100,2.5,2,158,PRELIMINARY,420,107.0,326.0,408.0,513.0,836.0,94.0
MNQ,1100,2.5,3,159,PRELIMINARY,420,142.0,349.0,440.0,633.0,833.0,71.0
MNQ,1100,2.5,4,165,PRELIMINARY,420,134.0,324.0,436.0,620.0,812.0,96.0
MNQ,1100,2.5,5,164,PRELIMINARY,420,140.0,351.0,439.0,650.0,905.0,69.0
MNQ,1100,3.0,1,280,CORE,420,91.0,298.0,416.0,497.0,837.0,122.0
MNQ,1100,3.0,2,134,PRELIMINARY,420,183.0,371.0,470.0,704.0,908.0,49.0
MNQ,1100,3.0,3,135,PRELIMINARY,420,221.0,400.0,645.0,757.0,904.0,20.0
MNQ,1100,3.0,4,141,PRELIMINARY,420,188.0,376.0,591.0,755.0,1091.0,44.0
MNQ,1100,3.0,5,140,PRELIMINARY,420,187.0,411.0,591.0,737.0,1091.0,9.0
MNQ,1100,4.0,1,211,CORE,420,209.0,406.0,600.0,759.0,1095.0,14.0
MNQ,1100,4.0,2,107,PRELIMINARY,420,285.0,461.0,660.0,740.0,1094.0,-41.0
MNQ,1100,4.0,3,103,PRELIMINARY,420,282.0,472.0,654.0,759.0,1121.0,-52.0
MNQ,1100,4.0,4,108,PRELIMINARY,420,272.0,486.0,682.0,773.0,1138.0,-66.0
MNQ,1100,4.0,5,102,PRELIMINARY,420,286.0,480.0,716.0,794.0,1250.0,-60.0
MNQ,1800,1.0,1,526,CORE,420,17.0,53.0,90.0,132.0,383.0,367.0
MNQ,1800,1.0,2,272,CORE,420,23.0,71.0,119.0,178.0,382.0,349.0
MNQ,1800,1.0,3,269,CORE,420,27.0,88.0,151.0,195.0,381.0,332.0
MNQ,1800,1.0,4,261,CORE,420,29.0,97.0,146.0,204.0,380.0,323.0
MNQ,1800,1.0,5,258,CORE,420,34.0,105.0,154.0,206.0,380.0,315.0
MNQ,1800,1.5,1,440,CORE,420,34.0,94.0,161.0,210.0,384.0,326.0
MNQ,1800,1.5,2,216,CORE,420,45.0,148.0,209.0,260.0,397.0,272.0
MNQ,1800,1.5,3,217,CORE,420,61.0,162.0,226.0,273.0,395.0,258.0
MNQ,1800,1.5,4,210,CORE,420,74.0,171.0,236.0,282.0,394.0,249.0
MNQ,1800,1.5,5,197,PRELIMINARY,420,83.0,193.0,253.0,312.0,394.0,227.0
MNQ,1800,2.0,1,372,CORE,420,57.0,178.0,238.0,302.0,398.0,242.0
MNQ,1800,2.0,2,179,PRELIMINARY,420,91.0,227.0,263.0,320.0,400.0,193.0
MNQ,1800,2.0,3,180,PRELIMINARY,420,104.0,238.0,301.0,320.0,397.0,182.0
MNQ,1800,2.0,4,169,PRELIMINARY,420,133.0,259.0,314.0,339.0,398.0,161.0
MNQ,1800,2.0,5,165,PRELIMINARY,420,132.0,269.0,317.0,338.0,406.0,151.0
MNQ,1800,2.5,1,311,CORE,420,99.0,239.0,320.0,341.0,529.0,181.0
MNQ,1800,2.5,2,151,PRELIMINARY,420,143.0,284.0,321.0,334.0,528.0,136.0
MNQ,1800,2.5,3,149,PRELIMINARY,420,151.0,302.0,325.0,344.0,499.0,118.0
MNQ,1800,2.5,4,148,PRELIMINARY,420,174.0,307.0,327.0,365.0,498.0,113.0
MNQ,1800,2.5,5,143,PRELIMINARY,420,201.0,310.0,332.0,375.0,497.0,110.0
MNQ,1800,3.0,1,267,CORE,420,151.0,294.0,325.0,353.0,403.0,126.0
MNQ,1800,3.0,2,130,PRELIMINARY,420,179.0,321.0,334.0,373.0,552.0,99.0
MNQ,1800,3.0,3,127,PRELIMINARY,420,230.0,322.0,334.0,351.0,438.0,98.0
MNQ,1800,3.0,4,126,PRELIMINARY,420,232.0,319.0,337.0,376.0,445.0,101.0
MNQ,1800,3.0,5,125,PRELIMINARY,420,240.0,320.0,349.0,379.0,655.0,100.0
MNQ,1800,4.0,1,209,CORE,420,244.0,327.0,353.0,389.0,492.0,93.0
MNQ,1800,4.0,2,103,PRELIMINARY,420,293.0,346.0,369.0,399.0,659.0,74.0
MNQ,1800,4.0,3,101,PRELIMINARY,420,305.0,348.0,374.0,399.0,659.0,72.0
MNQ,1800,4.0,4,96,REGIME,420,290.0,347.0,393.0,439.0,658.0,73.0
MNQ,1800,4.0,5,90,REGIME,420,300.0,349.0,388.0,441.0,597.0,71.0
MNQ,CME_OPEN,1.0,1,245,CORE,480,29.0,82.0,172.0,266.0,878.0,398.0
MNQ,CME_OPEN,1.0,2,111,PRELIMINARY,480,32.0,92.0,183.0,295.0,875.0,388.0
MNQ,CME_OPEN,1.0,3,102,PRELIMINARY,480,40.0,102.0,268.0,447.0,875.0,378.0
MNQ,CME_OPEN,1.0,4,99,REGIME,480,45.0,146.0,366.0,450.0,873.0,334.0
MNQ,CME_OPEN,1.0,5,100,PRELIMINARY,480,59.0,154.0,399.0,463.0,873.0,326.0
MNQ,CME_OPEN,1.5,1,155,PRELIMINARY,480,63.0,264.0,504.0,604.0,883.0,216.0
MNQ,CME_OPEN,1.5,2,77,REGIME,480,73.0,308.0,504.0,602.0,880.0,172.0
MNQ,CME_OPEN,1.5,3,69,REGIME,480,99.0,401.0,499.0,622.0,879.0,79.0
MNQ,CME_OPEN,1.5,4,70,REGIME,480,98.0,406.0,529.0,619.0,878.0,74.0
MNQ,CME_OPEN,1.5,5,68,REGIME,480,93.0,401.0,574.0,731.0,878.0,79.0
MNQ,CME_OPEN,2.0,1,123,PRELIMINARY,480,96.0,430.0,610.0,776.0,985.0,50.0
MNQ,CME_OPEN,2.0,2,59,REGIME,480,120.0,516.0,635.0,905.0,984.0,-36.0
MNQ,CME_OPEN,2.0,3,56,REGIME,480,136.0,507.0,761.0,905.0,984.0,-27.0
MNQ,CME_OPEN,2.0,4,56,REGIME,480,151.0,528.0,756.0,900.0,980.0,-48.0
MNQ,CME_OPEN,2.0,5,52,REGIME,480,194.0,545.0,723.0,904.0,981.0,-65.0
MNQ,CME_OPEN,2.5,1,102,PRELIMINARY,480,133.0,496.0,749.0,861.0,1037.0,-16.0
MNQ,CME_OPEN,2.5,2,51,REGIME,480,171.0,528.0,786.0,929.0,1036.0,-48.0
MNQ,CME_OPEN,2.5,3,45,REGIME,480,217.0,574.0,859.0,928.0,1035.0,-94.0
MNQ,CME_OPEN,2.5,4,47,REGIME,480,216.0,747.0,891.0,962.0,1023.0,-267.0
MNQ,CME_OPEN,2.5,5,46,REGIME,480,409.0,630.0,890.0,928.0,1033.0,-150.0
MNQ,CME_OPEN,3.0,1,86,REGIME,480,190.0,550.0,797.0,863.0,935.0,-70.0
MNQ,CME_OPEN,3.0,2,39,REGIME,480,229.0,565.0,797.0,864.0,932.0,-85.0
MNQ,CME_OPEN,3.0,3,35,REGIME,480,344.0,569.0,784.0,859.0,892.0,-89.0
MNQ,CME_OPEN,3.0,4,39,REGIME,480,432.0,842.0,891.0,930.0,938.0,-362.0
MNQ,CME_OPEN,3.0,5,39,REGIME,480,422.0,789.0,874.0,890.0,925.0,-309.0
MNQ,CME_OPEN,4.0,1,62,REGIME,480,287.0,573.0,858.0,890.0,957.0,-93.0
MNQ,CME_OPEN,4.0,2,33,REGIME,480,438.0,803.0,886.0,927.0,940.0,-323.0
MNQ,CME_OPEN,4.0,3,29,INVALID,480,517.0,852.0,883.0,921.0,927.0,-372.0
MNQ,CME_OPEN,4.0,4,30,REGIME,480,530.0,851.0,880.0,931.0,957.0,-371.0
MNQ,CME_OPEN,4.0,5,31,REGIME,480,559.0,819.0,887.0,932.0,953.0,-339.0
MNQ,US_EQUITY_OPEN,1.0,1,508,CORE,300,18.0,55.0,95.0,143.0,366.0,245.0
MNQ,US_EQUITY_OPEN,1.0,2,256,CORE,300,26.0,77.0,134.0,198.0,490.0,223.0
MNQ,US_EQUITY_OPEN,1.0,3,250,CORE,300,31.0,91.0,139.0,204.0,489.0,209.0
MNQ,US_EQUITY_OPEN,1.0,4,241,CORE,300,41.0,108.0,188.0,263.0,488.0,192.0
MNQ,US_EQUITY_OPEN,1.0,5,229,CORE,300,41.0,130.0,210.0,257.0,487.0,170.0
MNQ,US_EQUITY_OPEN,1.5,1,403,CORE,300,32.0,91.0,164.0,237.0,491.0,209.0
MNQ,US_EQUITY_OPEN,1.5,2,200,CORE,300,52.0,155.0,236.0,331.0,461.0,145.0
MNQ,US_EQUITY_OPEN,1.5,3,190,PRELIMINARY,300,62.0,180.0,227.0,333.0,391.0,120.0
MNQ,US_EQUITY_OPEN,1.5,4,182,PRELIMINARY,300,62.0,196.0,252.0,365.0,421.0,104.0
MNQ,US_EQUITY_OPEN,1.5,5,180,PRELIMINARY,300,68.0,188.0,244.0,305.0,422.0,112.0
MNQ,US_EQUITY_OPEN,2.0,1,328,CORE,300,48.0,163.0,256.0,336.0,394.0,137.0
MNQ,US_EQUITY_OPEN,2.0,2,152,PRELIMINARY,300,72.0,214.0,332.0,383.0,532.0,86.0
MNQ,US_EQUITY_OPEN,2.0,3,141,PRELIMINARY,300,82.0,246.0,335.0,374.0,511.0,54.0
MNQ,US_EQUITY_OPEN,2.0,4,132,PRELIMINARY,300,99.0,226.0,320.0,363.0,496.0,74.0
MNQ,US_EQUITY_OPEN,2.0,5,130,PRELIMINARY,300,129.0,268.0,352.0,377.0,494.0,32.0
MNQ,US_EQUITY_OPEN,2.5,1,264,CORE,300,73.0,216.0,340.0,378.0,533.0,84.0
MNQ,US_EQUITY_OPEN,2.5,2,112,PRELIMINARY,300,108.0,240.0,291.0,374.0,527.0,60.0
MNQ,US_EQUITY_OPEN,2.5,3,99,REGIME,300,124.0,270.0,371.0,395.0,502.0,30.0
MNQ,US_EQUITY_OPEN,2.5,4,104,PRELIMINARY,300,139.0,299.0,359.0,374.0,530.0,1.0
MNQ,US_EQUITY_OPEN,2.5,5,89,REGIME,300,135.0,328.0,378.0,394.0,530.0,-28.0
MNQ,US_EQUITY_OPEN,3.0,1,196,PRELIMINARY,300,93.0,235.0,280.0,377.0,531.0,65.0
MNQ,US_EQUITY_OPEN,3.0,2,83,REGIME,300,130.0,263.0,321.0,378.0,536.0,37.0
MNQ,US_EQUITY_OPEN,3.0,3,70,REGIME,300,149.0,265.0,325.0,373.0,408.0,35.0
MNQ,US_EQUITY_OPEN,3.0,4,70,REGIME,300,176.0,329.0,379.0,425.0,502.0,-29.0
MNQ,US_EQUITY_OPEN,3.0,5,52,REGIME,300,129.0,275.0,333.0,494.0,526.0,25.0
MNQ,US_EQUITY_OPEN,4.0,1,125,PRELIMINARY,300,158.0,304.0,376.0,396.0,545.0,-4.0
MNQ,US_EQUITY_OPEN,4.0,2,42,REGIME,300,143.0,278.0,333.0,375.0,405.0,22.0
MNQ,US_EQUITY_OPEN,4.0,3,32,REGIME,300,196.0,262.0,343.0,375.0,496.0,38.0
MNQ,US_EQUITY_OPEN,4.0,4,27,INVALID,300,164.0,314.0,375.0,376.0,495.0,-14.0
MNQ,US_EQUITY_OPEN,4.0,5,25,INVALID,300,210.0,346.0,372.0,375.0,377.0,-46.0
